2025-07-31T17:49:02.763+02:00  INFO 1228 --- [main] c.p.c.CryptoserviceApplication           : Starting CryptoserviceApplication using Java 22.0.2 with PID 1228 (C:\Users\marce\Documents\SyncDataCloudSecure\Crypto-Microservice\cryptoservice\target\classes started by marce in C:\Users\marce\Documents\SyncDataCloudSecure\Crypto-Microservice\cryptoservice)
2025-07-31T17:49:02.773+02:00 DEBUG 1228 --- [main] c.p.c.CryptoserviceApplication           : Running with Spring Boot v3.4.3, Spring v6.2.3
2025-07-31T17:49:02.775+02:00  INFO 1228 --- [main] c.p.c.CryptoserviceApplication           : No active profile set, falling back to 1 default profile: "default"
2025-07-31T17:49:04.219+02:00  INFO 1228 --- [main] o.s.b.w.embedded.tomcat.TomcatWebServer  : Tomcat initialized with port 8443 (https)
2025-07-31T17:49:04.244+02:00  INFO 1228 --- [main] o.apache.catalina.core.StandardService   : Starting service [Tomcat]
2025-07-31T17:49:04.244+02:00  INFO 1228 --- [main] o.apache.catalina.core.StandardEngine    : Starting Servlet engine: [Apache Tomcat/10.1.36]
2025-07-31T17:49:04.315+02:00  INFO 1228 --- [main] o.a.c.c.C.[Tomcat].[localhost].[/]       : Initializing Spring embedded WebApplicationContext
2025-07-31T17:49:04.316+02:00  INFO 1228 --- [main] w.s.c.ServletWebServerApplicationContext : Root WebApplicationContext: initialization completed in 1484 ms
2025-07-31T17:49:04.391+02:00 DEBUG 1228 --- [main] c.p.c.b.s.ClientAccessControlFilter      : Filter 'clientAccessFilter' configured for use
2025-07-31T17:49:04.475+02:00  INFO 1228 --- [main] c.p.c.b.k.KeyStoreInitializer            : Initializing KeyStore...
2025-07-31T17:49:04.476+02:00 DEBUG 1228 --- [main] c.p.c.b.keymanagement.KeyStoreLoader     : Attempting to load keystore.
2025-07-31T17:49:04.485+02:00  INFO 1228 --- [main] c.p.c.b.keymanagement.KeyStoreLoader     : Keystore successfully loaded.
2025-07-31T17:49:04.486+02:00 DEBUG 1228 --- [main] c.p.c.b.keymanagement.KeyStoreLoader     : Successfully loaded keystore.
2025-07-31T17:49:04.486+02:00 DEBUG 1228 --- [main] c.p.c.b.keymanagement.KeyStoreLoader     : Attempting to load keystore.
2025-07-31T17:49:04.496+02:00  INFO 1228 --- [main] c.p.c.b.keymanagement.KeyStoreLoader     : Keystore successfully loaded.
2025-07-31T17:49:04.496+02:00 DEBUG 1228 --- [main] c.p.c.b.keymanagement.KeyStoreLoader     : Successfully loaded keystore.
2025-07-31T17:49:04.497+02:00 DEBUG 1228 --- [main] c.p.c.b.keymanagement.KeyStoreLoader     : Attempting to load keystore.
2025-07-31T17:49:04.506+02:00  INFO 1228 --- [main] c.p.c.b.keymanagement.KeyStoreLoader     : Keystore successfully loaded.
2025-07-31T17:49:04.507+02:00 DEBUG 1228 --- [main] c.p.c.b.keymanagement.KeyStoreLoader     : Successfully loaded keystore.
2025-07-31T17:49:04.507+02:00 DEBUG 1228 --- [main] c.p.c.b.k.KeyStoreInitializer            : Checked KeyStore for given alias.
2025-07-31T17:49:04.507+02:00  INFO 1228 --- [main] c.p.c.b.k.KeyStoreInitializer            : JWT signing key already exists – skipping initialization.
2025-07-31T17:49:04.507+02:00 DEBUG 1228 --- [main] c.p.c.b.keymanagement.KeyStoreLoader     : Attempting to load keystore.
2025-07-31T17:49:04.528+02:00  INFO 1228 --- [main] c.p.c.b.keymanagement.KeyStoreLoader     : Keystore successfully loaded.
2025-07-31T17:49:04.528+02:00 DEBUG 1228 --- [main] c.p.c.b.keymanagement.KeyStoreLoader     : Successfully loaded keystore.
2025-07-31T17:49:04.529+02:00 DEBUG 1228 --- [main] c.p.c.b.k.KeyStoreInitializer            : Checked KeyStore for given alias.
2025-07-31T17:49:04.529+02:00  INFO 1228 --- [main] c.p.c.b.k.KeyStoreInitializer            : Master key already exists – skipping initialization.
2025-07-31T17:49:04.608+02:00  INFO 1228 --- [main] r$InitializeUserDetailsManagerConfigurer : Global AuthenticationManager configured with UserDetailsService bean with name dynamicUserDetailsService
2025-07-31T17:49:05.427+02:00  INFO 1228 --- [main] o.a.t.util.net.NioEndpoint.certificate   : Connector [https-jsse-nio-8443], TLS virtual host [_default_], certificate type [UNDEFINED] configured from keystore [C:\Users\marce\.keystore] using alias [tomcat] with trust store [null]
2025-07-31T17:49:05.447+02:00  INFO 1228 --- [main] o.s.b.w.embedded.tomcat.TomcatWebServer  : Tomcat started on port 8443 (https) with context path '/'
2025-07-31T17:49:05.464+02:00  INFO 1228 --- [main] c.p.c.CryptoserviceApplication           : Started CryptoserviceApplication in 3.343 seconds (process running for 3.771)
2025-07-31T17:49:05.467+02:00  INFO 1228 --- [scheduling-1] c.p.c.b.keymanagement.KeyCleanupTask     : Running scheduled key cleanup task
2025-07-31T17:49:05.468+02:00 DEBUG 1228 --- [scheduling-1] c.p.c.b.keymanagement.KeyCleanupTask     : Starting manual cleanup of expired keys
2025-07-31T17:49:05.468+02:00 DEBUG 1228 --- [scheduling-1] c.p.c.b.keymanagement.KeyStoreLoader     : Attempting to load keystore.
2025-07-31T17:49:05.480+02:00  INFO 1228 --- [scheduling-1] c.p.c.b.keymanagement.KeyStoreLoader     : Keystore successfully loaded.
2025-07-31T17:49:05.480+02:00 DEBUG 1228 --- [scheduling-1] c.p.c.b.keymanagement.KeyStoreLoader     : Successfully loaded keystore.
2025-07-31T17:49:05.481+02:00 DEBUG 1228 --- [scheduling-1] c.p.c.b.k.KeyExpirationChecker           : Checking expiration status for client key.
2025-07-31T17:49:05.510+02:00 DEBUG 1228 --- [scheduling-1] c.p.c.b.k.KeyExpirationChecker           : Checking expiration status for client key.
2025-07-31T17:49:05.547+02:00  INFO 1228 --- [scheduling-1] c.p.c.b.keymanagement.KeyCleanupTask     : Found 2 expired keys
2025-07-31T17:49:05.549+02:00  INFO 1228 --- [scheduling-1] c.p.c.b.keymanagement.ClientKeyRegistry  : Removed client(s) with key alias 'ofnwcgjwqkcksfmabm0jrg'. Size before: 0, after: 0
2025-07-31T17:49:05.550+02:00  INFO 1228 --- [scheduling-1] c.p.c.b.keymanagement.KeyCleanupTask     : Deleted expired key successfully.
2025-07-31T17:49:05.550+02:00  INFO 1228 --- [scheduling-1] c.p.c.b.keymanagement.ClientKeyRegistry  : Removed client(s) with key alias 'ltb0ut7ax27-xontoi1dqg'. Size before: 0, after: 0
2025-07-31T17:49:05.550+02:00  INFO 1228 --- [scheduling-1] c.p.c.b.keymanagement.KeyCleanupTask     : Deleted expired key successfully.
2025-07-31T17:49:05.550+02:00 DEBUG 1228 --- [scheduling-1] c.p.c.b.keymanagement.KeyStoreLoader     : Attempting to save keystore.
2025-07-31T17:49:05.563+02:00  INFO 1228 --- [scheduling-1] c.p.c.b.keymanagement.KeyStoreLoader     : Keystore successfully saved to 'C:\Users\marce\Documents\SyncDataCloudSecure\Crypto-Microservice\cryptoservice\src\main\resources\keystore\client-keystore.p12'
2025-07-31T17:49:05.564+02:00 DEBUG 1228 --- [scheduling-1] c.p.c.b.keymanagement.KeyStoreLoader     : Successfully saved keystore.
2025-07-31T17:49:05.564+02:00  INFO 1228 --- [scheduling-1] c.p.c.b.keymanagement.KeyCleanupTask     : Key cleanup task completed successfully
2025-07-31T17:49:05.565+02:00  INFO 1228 --- [scheduling-1] c.p.c.b.k.MasterKeyRotationTask          : Starting scheduled master key rotation process.
2025-07-31T17:49:05.565+02:00 DEBUG 1228 --- [scheduling-1] c.p.c.b.keymanagement.KeyStoreLoader     : Attempting to load keystore.
2025-07-31T17:49:05.574+02:00  INFO 1228 --- [scheduling-1] c.p.c.b.keymanagement.KeyStoreLoader     : Keystore successfully loaded.
2025-07-31T17:49:05.575+02:00 DEBUG 1228 --- [scheduling-1] c.p.c.b.keymanagement.KeyStoreLoader     : Successfully loaded keystore.
2025-07-31T17:49:05.575+02:00 DEBUG 1228 --- [scheduling-1] c.p.c.b.keymanagement.KeyStoreLoader     : Attempting to load keystore.
2025-07-31T17:49:05.583+02:00  INFO 1228 --- [scheduling-1] c.p.c.b.keymanagement.KeyStoreLoader     : Keystore successfully loaded.
2025-07-31T17:49:05.584+02:00 DEBUG 1228 --- [scheduling-1] c.p.c.b.keymanagement.KeyStoreLoader     : Successfully loaded keystore.
2025-07-31T17:49:05.584+02:00 DEBUG 1228 --- [scheduling-1] c.p.c.b.keymanagement.MasterKeyService   : Retrieving master key from KeyStore
2025-07-31T17:49:05.584+02:00 DEBUG 1228 --- [scheduling-1] c.p.c.b.keymanagement.KeyStoreLoader     : Attempting to load keystore.
2025-07-31T17:49:05.594+02:00  INFO 1228 --- [scheduling-1] c.p.c.b.keymanagement.KeyStoreLoader     : Keystore successfully loaded.
2025-07-31T17:49:05.594+02:00 DEBUG 1228 --- [scheduling-1] c.p.c.b.keymanagement.KeyStoreLoader     : Successfully loaded keystore.
2025-07-31T17:49:05.628+02:00  INFO 1228 --- [scheduling-1] c.p.c.b.keymanagement.MasterKeyService   : Master key successfully retrieved from KeyStore
2025-07-31T17:49:05.631+02:00 DEBUG 1228 --- [scheduling-1] c.p.c.b.k.MasterKeyRotationTask          : Generating new master key successfully.
2025-07-31T17:49:05.632+02:00 DEBUG 1228 --- [scheduling-1] c.p.c.b.k.MasterKeyRotationTask          : Rewrapping of client keys completed successfully.
2025-07-31T17:49:05.664+02:00  INFO 1228 --- [scheduling-1] c.p.c.b.k.MasterKeyRotationTask          : New master key successfully stored in keystore.
2025-07-31T17:49:05.665+02:00 DEBUG 1228 --- [scheduling-1] c.p.c.b.k.MasterKeyRotationTask          : New master key stored successfully in keystore.
2025-07-31T17:49:05.665+02:00 DEBUG 1228 --- [scheduling-1] c.p.c.b.keymanagement.KeyStoreLoader     : Attempting to save keystore.
2025-07-31T17:49:05.677+02:00  INFO 1228 --- [scheduling-1] c.p.c.b.keymanagement.KeyStoreLoader     : Keystore successfully saved to 'C:\Users\marce\Documents\SyncDataCloudSecure\Crypto-Microservice\cryptoservice\src\main\resources\keystore\master-keystore.p12'
2025-07-31T17:49:05.678+02:00 DEBUG 1228 --- [scheduling-1] c.p.c.b.keymanagement.KeyStoreLoader     : Successfully saved keystore.
2025-07-31T17:49:05.678+02:00 DEBUG 1228 --- [scheduling-1] c.p.c.b.keymanagement.KeyStoreLoader     : Attempting to save keystore.
2025-07-31T17:49:05.687+02:00  INFO 1228 --- [scheduling-1] c.p.c.b.keymanagement.KeyStoreLoader     : Keystore successfully saved to 'C:\Users\marce\Documents\SyncDataCloudSecure\Crypto-Microservice\cryptoservice\src\main\resources\keystore\client-keystore.p12'
2025-07-31T17:49:05.688+02:00 DEBUG 1228 --- [scheduling-1] c.p.c.b.keymanagement.KeyStoreLoader     : Successfully saved keystore.
2025-07-31T17:49:05.688+02:00  INFO 1228 --- [scheduling-1] c.p.c.b.k.MasterKeyRotationTask          : Master key rotation process completed successfully.
2025-07-31T17:49:24.110+02:00  INFO 1228 --- [https-jsse-nio-8443-exec-6] o.a.c.c.C.[Tomcat].[localhost].[/]       : Initializing Spring DispatcherServlet 'dispatcherServlet'
2025-07-31T17:49:24.111+02:00  INFO 1228 --- [https-jsse-nio-8443-exec-6] o.s.web.servlet.DispatcherServlet        : Initializing Servlet 'dispatcherServlet'
2025-07-31T17:49:24.112+02:00  INFO 1228 --- [https-jsse-nio-8443-exec-6] o.s.web.servlet.DispatcherServlet        : Completed initialization in 1 ms
2025-07-31T17:49:24.133+02:00  INFO 1228 --- [https-jsse-nio-8443-exec-6] c.p.c.b.s.DynamicUserDetailsService      : ============================== /crypto/keys/generate Request from client1 ==============================

2025-07-31T17:49:24.134+02:00 DEBUG 1228 --- [https-jsse-nio-8443-exec-6] c.p.c.b.s.DynamicUserDetailsService      : User authentication attempt for CN='client1' on path '/crypto/keys/generate'
2025-07-31T17:49:24.134+02:00  INFO 1228 --- [https-jsse-nio-8443-exec-6] c.p.c.b.s.DynamicUserDetailsService      : Registering new client CN='client1' based on request to '/crypto/keys/generate'
2025-07-31T17:49:24.160+02:00  INFO 1228 --- [https-jsse-nio-8443-exec-6] c.p.cryptoservice.boundary.Controller    : Key generation requested by client 'client1'.
2025-07-31T17:49:24.160+02:00  INFO 1228 --- [https-jsse-nio-8443-exec-6] c.p.c.b.k.KeyManagementService           : Starting key generation for client 'client1'
2025-07-31T17:49:24.161+02:00 DEBUG 1228 --- [https-jsse-nio-8443-exec-6] c.p.c.b.keymanagement.ClientKeyRegistry  : Checking if client 'client1' exists: false
2025-07-31T17:49:24.161+02:00 DEBUG 1228 --- [https-jsse-nio-8443-exec-6] c.p.c.b.k.KeyManagementService           : Random AES key generated for client 'client1'
2025-07-31T17:49:24.162+02:00 DEBUG 1228 --- [https-jsse-nio-8443-exec-6] c.p.c.b.k.KeyManagementService           : Random key alias generated for client 'client1'.
2025-07-31T17:49:24.162+02:00 DEBUG 1228 --- [https-jsse-nio-8443-exec-6] c.p.c.b.keymanagement.KeyStoreHelper     : Storing key for keyAlias 'qv09d3ux6jm3mqjp6zlz9g'
2025-07-31T17:49:24.162+02:00 DEBUG 1228 --- [https-jsse-nio-8443-exec-6] c.p.c.b.keymanagement.KeyStoreLoader     : Attempting to load keystore.
2025-07-31T17:49:24.174+02:00  INFO 1228 --- [https-jsse-nio-8443-exec-6] c.p.c.b.keymanagement.KeyStoreLoader     : Keystore successfully loaded.
2025-07-31T17:49:24.174+02:00 DEBUG 1228 --- [https-jsse-nio-8443-exec-6] c.p.c.b.keymanagement.KeyStoreLoader     : Successfully loaded keystore.
2025-07-31T17:49:24.174+02:00 DEBUG 1228 --- [https-jsse-nio-8443-exec-6] c.p.c.b.keymanagement.MasterKeyService   : Retrieving master key from KeyStore
2025-07-31T17:49:24.175+02:00 DEBUG 1228 --- [https-jsse-nio-8443-exec-6] c.p.c.b.keymanagement.KeyStoreLoader     : Attempting to load keystore.
2025-07-31T17:49:24.183+02:00  INFO 1228 --- [https-jsse-nio-8443-exec-6] c.p.c.b.keymanagement.KeyStoreLoader     : Keystore successfully loaded.
2025-07-31T17:49:24.183+02:00 DEBUG 1228 --- [https-jsse-nio-8443-exec-6] c.p.c.b.keymanagement.KeyStoreLoader     : Successfully loaded keystore.
2025-07-31T17:49:24.212+02:00  INFO 1228 --- [https-jsse-nio-8443-exec-6] c.p.c.b.keymanagement.MasterKeyService   : Master key successfully retrieved from KeyStore
2025-07-31T17:49:24.212+02:00 DEBUG 1228 --- [https-jsse-nio-8443-exec-6] c.p.c.b.k.ClientKeyEncryptor             : Encrypting client key with master key (AES wrap)
2025-07-31T17:49:24.213+02:00  INFO 1228 --- [https-jsse-nio-8443-exec-6] c.p.c.b.k.ClientKeyEncryptor             : Client key successfully encrypted with master key
2025-07-31T17:49:24.213+02:00 DEBUG 1228 --- [https-jsse-nio-8443-exec-6] c.p.c.b.keymanagement.KeyStoreHelper     : Storing wrapped key in keystore.
2025-07-31T17:49:24.249+02:00 DEBUG 1228 --- [https-jsse-nio-8443-exec-6] c.p.c.b.keymanagement.KeyStoreHelper     : Wrapped key stored successfully.
2025-07-31T17:49:24.250+02:00 DEBUG 1228 --- [https-jsse-nio-8443-exec-6] c.p.c.b.keymanagement.KeyStoreLoader     : Attempting to save keystore.
2025-07-31T17:49:24.261+02:00  INFO 1228 --- [https-jsse-nio-8443-exec-6] c.p.c.b.keymanagement.KeyStoreLoader     : Keystore successfully saved to 'C:\Users\marce\Documents\SyncDataCloudSecure\Crypto-Microservice\cryptoservice\src\main\resources\keystore\client-keystore.p12'
2025-07-31T17:49:24.262+02:00 DEBUG 1228 --- [https-jsse-nio-8443-exec-6] c.p.c.b.keymanagement.KeyStoreLoader     : Successfully saved keystore.
2025-07-31T17:49:24.262+02:00  INFO 1228 --- [https-jsse-nio-8443-exec-6] c.p.c.b.keymanagement.KeyStoreHelper     : Key stored and saved successfully in keystore.
2025-07-31T17:49:24.262+02:00  INFO 1228 --- [https-jsse-nio-8443-exec-6] c.p.c.b.k.KeyManagementService           : Key stored in KeyStore for client 'client1'.
2025-07-31T17:49:24.262+02:00  INFO 1228 --- [https-jsse-nio-8443-exec-6] c.p.c.b.keymanagement.ClientKeyRegistry  : Registered new client 'client1', key alias 'qv09d3ux6jm3mqjp6zlz9g'
2025-07-31T17:49:24.262+02:00 DEBUG 1228 --- [https-jsse-nio-8443-exec-6] c.p.c.b.authorization.AuthRegistry       : Registered keyAlias 'qv09d3ux6jm3mqjp6zlz9g' with access for: []
2025-07-31T17:49:24.263+02:00  INFO 1228 --- [https-jsse-nio-8443-exec-6] c.p.c.b.k.KeyManagementService           : Client 'client1' registered in client key registry.
2025-07-31T17:49:24.267+02:00  INFO 1228 --- [https-jsse-nio-8443-exec-6] c.p.cryptoservice.boundary.Controller    : Key successfully generated for client 'client1'.

2025-07-31T17:49:24.451+02:00  INFO 1228 --- [https-jsse-nio-8443-exec-1] c.p.c.b.s.DynamicUserDetailsService      : ============================== /crypto/jwt/generate Request from client1 ==============================

2025-07-31T17:49:24.452+02:00 DEBUG 1228 --- [https-jsse-nio-8443-exec-1] c.p.c.b.s.DynamicUserDetailsService      : User authentication attempt for CN='client1' on path '/crypto/jwt/generate'
2025-07-31T17:49:24.452+02:00 DEBUG 1228 --- [https-jsse-nio-8443-exec-1] c.p.c.b.s.DynamicUserDetailsService      : Known client CN='client1' authenticated successfully.
2025-07-31T17:49:24.495+02:00  INFO 1228 --- [https-jsse-nio-8443-exec-1] c.p.cryptoservice.boundary.Controller    : JWT generation requested by client 'client1'.
2025-07-31T17:49:24.495+02:00 DEBUG 1228 --- [https-jsse-nio-8443-exec-1] c.p.cryptoservice.boundary.Controller    : JWT request validated for client 'client1'.
2025-07-31T17:49:24.496+02:00 DEBUG 1228 --- [https-jsse-nio-8443-exec-1] c.p.c.b.keymanagement.ClientKeyRegistry  : Checking if client 'client1' exists: true
2025-07-31T17:49:24.496+02:00 DEBUG 1228 --- [https-jsse-nio-8443-exec-1] c.p.c.b.authorization.AuthService        : Authorization successful: Client is registered and authorized to request a JWT.
2025-07-31T17:49:24.496+02:00 DEBUG 1228 --- [https-jsse-nio-8443-exec-1] c.p.cryptoservice.boundary.Controller    : Authorization successful for JWT generation request by client 'client1'.
2025-07-31T17:49:24.496+02:00  INFO 1228 --- [https-jsse-nio-8443-exec-1] c.p.c.b.j.JwtManagementService           : Generating JWT for client 'client1'.
2025-07-31T17:49:24.497+02:00 DEBUG 1228 --- [https-jsse-nio-8443-exec-1] c.p.c.b.keymanagement.KeyStoreHelper     : Retrieving key (raw) for alias 'jwt-signing-key'
2025-07-31T17:49:24.497+02:00 DEBUG 1228 --- [https-jsse-nio-8443-exec-1] c.p.c.b.keymanagement.KeyStoreLoader     : Attempting to load keystore.
2025-07-31T17:49:24.505+02:00  INFO 1228 --- [https-jsse-nio-8443-exec-1] c.p.c.b.keymanagement.KeyStoreLoader     : Keystore successfully loaded.
2025-07-31T17:49:24.506+02:00 DEBUG 1228 --- [https-jsse-nio-8443-exec-1] c.p.c.b.keymanagement.KeyStoreLoader     : Successfully loaded keystore.
2025-07-31T17:49:24.506+02:00 DEBUG 1228 --- [https-jsse-nio-8443-exec-1] c.p.c.b.keymanagement.KeyStoreHelper     : Accessing KeyStore entry.
2025-07-31T17:49:24.538+02:00 DEBUG 1228 --- [https-jsse-nio-8443-exec-1] c.p.c.b.keymanagement.KeyStoreHelper     : KeyStore entry accessed successfully.
2025-07-31T17:49:24.539+02:00  INFO 1228 --- [https-jsse-nio-8443-exec-1] c.p.c.b.keymanagement.KeyStoreHelper     : Key successfully retrieved.
2025-07-31T17:49:24.576+02:00  INFO 1228 --- [https-jsse-nio-8443-exec-1] c.p.c.b.j.JwtManagementService           : JWT successfully generated for client 'client1'
2025-07-31T17:49:24.576+02:00  INFO 1228 --- [https-jsse-nio-8443-exec-1] c.p.cryptoservice.boundary.Controller    : JWT successfully generated for client 'client1'.

2025-07-31T17:49:24.595+02:00  INFO 1228 --- [https-jsse-nio-8443-exec-3] c.p.c.b.s.DynamicUserDetailsService      : ============================== /crypto/encrypt Request from client1 ==============================

2025-07-31T17:49:24.596+02:00 DEBUG 1228 --- [https-jsse-nio-8443-exec-3] c.p.c.b.s.DynamicUserDetailsService      : User authentication attempt for CN='client1' on path '/crypto/encrypt'
2025-07-31T17:49:24.596+02:00 DEBUG 1228 --- [https-jsse-nio-8443-exec-3] c.p.c.b.s.DynamicUserDetailsService      : Known client CN='client1' authenticated successfully.
2025-07-31T17:49:24.599+02:00  INFO 1228 --- [https-jsse-nio-8443-exec-3] c.p.cryptoservice.boundary.Controller    : Received encrypt request for client 'client1'.
2025-07-31T17:49:24.599+02:00 DEBUG 1228 --- [https-jsse-nio-8443-exec-3] c.p.c.b.keymanagement.KeyStoreHelper     : Retrieving key (raw) for alias 'jwt-signing-key'
2025-07-31T17:49:24.599+02:00 DEBUG 1228 --- [https-jsse-nio-8443-exec-3] c.p.c.b.keymanagement.KeyStoreLoader     : Attempting to load keystore.
2025-07-31T17:49:24.608+02:00  INFO 1228 --- [https-jsse-nio-8443-exec-3] c.p.c.b.keymanagement.KeyStoreLoader     : Keystore successfully loaded.
2025-07-31T17:49:24.609+02:00 DEBUG 1228 --- [https-jsse-nio-8443-exec-3] c.p.c.b.keymanagement.KeyStoreLoader     : Successfully loaded keystore.
2025-07-31T17:49:24.609+02:00 DEBUG 1228 --- [https-jsse-nio-8443-exec-3] c.p.c.b.keymanagement.KeyStoreHelper     : Accessing KeyStore entry.
2025-07-31T17:49:24.644+02:00 DEBUG 1228 --- [https-jsse-nio-8443-exec-3] c.p.c.b.keymanagement.KeyStoreHelper     : KeyStore entry accessed successfully.
2025-07-31T17:49:24.644+02:00  INFO 1228 --- [https-jsse-nio-8443-exec-3] c.p.c.b.keymanagement.KeyStoreHelper     : Key successfully retrieved.
2025-07-31T17:49:24.668+02:00 DEBUG 1228 --- [https-jsse-nio-8443-exec-3] c.p.cryptoservice.boundary.Controller    : Encrypt request validated for client 'client1'.
2025-07-31T17:49:24.672+02:00 DEBUG 1228 --- [https-jsse-nio-8443-exec-3] c.p.c.b.j.JwtManagementService           : Extracting issuedTo from JWT
2025-07-31T17:49:24.672+02:00 DEBUG 1228 --- [https-jsse-nio-8443-exec-3] c.p.c.b.keymanagement.KeyStoreHelper     : Retrieving key (raw) for alias 'jwt-signing-key'
2025-07-31T17:49:24.672+02:00 DEBUG 1228 --- [https-jsse-nio-8443-exec-3] c.p.c.b.keymanagement.KeyStoreLoader     : Attempting to load keystore.
2025-07-31T17:49:24.681+02:00  INFO 1228 --- [https-jsse-nio-8443-exec-3] c.p.c.b.keymanagement.KeyStoreLoader     : Keystore successfully loaded.
2025-07-31T17:49:24.681+02:00 DEBUG 1228 --- [https-jsse-nio-8443-exec-3] c.p.c.b.keymanagement.KeyStoreLoader     : Successfully loaded keystore.
2025-07-31T17:49:24.681+02:00 DEBUG 1228 --- [https-jsse-nio-8443-exec-3] c.p.c.b.keymanagement.KeyStoreHelper     : Accessing KeyStore entry.
2025-07-31T17:49:24.712+02:00 DEBUG 1228 --- [https-jsse-nio-8443-exec-3] c.p.c.b.keymanagement.KeyStoreHelper     : KeyStore entry accessed successfully.
2025-07-31T17:49:24.712+02:00  INFO 1228 --- [https-jsse-nio-8443-exec-3] c.p.c.b.keymanagement.KeyStoreHelper     : Key successfully retrieved.
2025-07-31T17:49:24.714+02:00 DEBUG 1228 --- [https-jsse-nio-8443-exec-3] c.p.c.b.j.JwtManagementService           : Extracted issuedTo successfully.
2025-07-31T17:49:24.714+02:00 DEBUG 1228 --- [https-jsse-nio-8443-exec-3] c.p.c.b.keymanagement.ClientKeyRegistry  : Checking if client 'client1' exists: true
2025-07-31T17:49:24.714+02:00 DEBUG 1228 --- [https-jsse-nio-8443-exec-3] c.p.c.b.authorization.AuthRegistry       : Granted access to keyAlias 'qv09d3ux6jm3mqjp6zlz9g' for client 'client2'
2025-07-31T17:49:24.715+02:00 DEBUG 1228 --- [https-jsse-nio-8443-exec-3] c.p.cryptoservice.boundary.Controller    : Authorization successful for encrypt request by client 'client1'.
2025-07-31T17:49:24.715+02:00  INFO 1228 --- [https-jsse-nio-8443-exec-3] c.p.c.b.cryptography.EncryptService      : Starting encryption process for client 'client1'.
2025-07-31T17:49:24.715+02:00 DEBUG 1228 --- [https-jsse-nio-8443-exec-3] c.p.c.b.j.JwtManagementService           : Extracting keyAlias from JWT
2025-07-31T17:49:24.715+02:00 DEBUG 1228 --- [https-jsse-nio-8443-exec-3] c.p.c.b.keymanagement.KeyStoreHelper     : Retrieving key (raw) for alias 'jwt-signing-key'
2025-07-31T17:49:24.715+02:00 DEBUG 1228 --- [https-jsse-nio-8443-exec-3] c.p.c.b.keymanagement.KeyStoreLoader     : Attempting to load keystore.
2025-07-31T17:49:24.728+02:00  INFO 1228 --- [https-jsse-nio-8443-exec-3] c.p.c.b.keymanagement.KeyStoreLoader     : Keystore successfully loaded.
2025-07-31T17:49:24.729+02:00 DEBUG 1228 --- [https-jsse-nio-8443-exec-3] c.p.c.b.keymanagement.KeyStoreLoader     : Successfully loaded keystore.
2025-07-31T17:49:24.729+02:00 DEBUG 1228 --- [https-jsse-nio-8443-exec-3] c.p.c.b.keymanagement.KeyStoreHelper     : Accessing KeyStore entry.
2025-07-31T17:49:24.759+02:00 DEBUG 1228 --- [https-jsse-nio-8443-exec-3] c.p.c.b.keymanagement.KeyStoreHelper     : KeyStore entry accessed successfully.
2025-07-31T17:49:24.759+02:00  INFO 1228 --- [https-jsse-nio-8443-exec-3] c.p.c.b.keymanagement.KeyStoreHelper     : Key successfully retrieved.
2025-07-31T17:49:24.761+02:00 DEBUG 1228 --- [https-jsse-nio-8443-exec-3] c.p.c.b.j.JwtManagementService           : Extracted keyAlias successfully.
2025-07-31T17:49:24.762+02:00 DEBUG 1228 --- [https-jsse-nio-8443-exec-3] c.p.c.b.j.JwtManagementService           : Extracting issuedTo from JWT
2025-07-31T17:49:24.762+02:00 DEBUG 1228 --- [https-jsse-nio-8443-exec-3] c.p.c.b.keymanagement.KeyStoreHelper     : Retrieving key (raw) for alias 'jwt-signing-key'
2025-07-31T17:49:24.762+02:00 DEBUG 1228 --- [https-jsse-nio-8443-exec-3] c.p.c.b.keymanagement.KeyStoreLoader     : Attempting to load keystore.
2025-07-31T17:49:24.776+02:00  INFO 1228 --- [https-jsse-nio-8443-exec-3] c.p.c.b.keymanagement.KeyStoreLoader     : Keystore successfully loaded.
2025-07-31T17:49:24.776+02:00 DEBUG 1228 --- [https-jsse-nio-8443-exec-3] c.p.c.b.keymanagement.KeyStoreLoader     : Successfully loaded keystore.
2025-07-31T17:49:24.776+02:00 DEBUG 1228 --- [https-jsse-nio-8443-exec-3] c.p.c.b.keymanagement.KeyStoreHelper     : Accessing KeyStore entry.
2025-07-31T17:49:24.810+02:00 DEBUG 1228 --- [https-jsse-nio-8443-exec-3] c.p.c.b.keymanagement.KeyStoreHelper     : KeyStore entry accessed successfully.
2025-07-31T17:49:24.810+02:00  INFO 1228 --- [https-jsse-nio-8443-exec-3] c.p.c.b.keymanagement.KeyStoreHelper     : Key successfully retrieved.
2025-07-31T17:49:24.812+02:00 DEBUG 1228 --- [https-jsse-nio-8443-exec-3] c.p.c.b.j.JwtManagementService           : Extracted issuedTo successfully.
2025-07-31T17:49:24.813+02:00 DEBUG 1228 --- [https-jsse-nio-8443-exec-3] c.p.c.b.keymanagement.KeyStoreHelper     : Retrieving and decrypting client key.
2025-07-31T17:49:24.813+02:00 DEBUG 1228 --- [https-jsse-nio-8443-exec-3] c.p.c.b.keymanagement.KeyStoreLoader     : Attempting to load keystore.
2025-07-31T17:49:24.821+02:00  INFO 1228 --- [https-jsse-nio-8443-exec-3] c.p.c.b.keymanagement.KeyStoreLoader     : Keystore successfully loaded.
2025-07-31T17:49:24.822+02:00 DEBUG 1228 --- [https-jsse-nio-8443-exec-3] c.p.c.b.keymanagement.KeyStoreLoader     : Successfully loaded keystore.
2025-07-31T17:49:24.822+02:00 DEBUG 1228 --- [https-jsse-nio-8443-exec-3] c.p.c.b.keymanagement.MasterKeyService   : Retrieving master key from KeyStore
2025-07-31T17:49:24.822+02:00 DEBUG 1228 --- [https-jsse-nio-8443-exec-3] c.p.c.b.keymanagement.KeyStoreLoader     : Attempting to load keystore.
2025-07-31T17:49:24.830+02:00  INFO 1228 --- [https-jsse-nio-8443-exec-3] c.p.c.b.keymanagement.KeyStoreLoader     : Keystore successfully loaded.
2025-07-31T17:49:24.830+02:00 DEBUG 1228 --- [https-jsse-nio-8443-exec-3] c.p.c.b.keymanagement.KeyStoreLoader     : Successfully loaded keystore.
2025-07-31T17:49:24.867+02:00  INFO 1228 --- [https-jsse-nio-8443-exec-3] c.p.c.b.keymanagement.MasterKeyService   : Master key successfully retrieved from KeyStore
2025-07-31T17:49:24.867+02:00 DEBUG 1228 --- [https-jsse-nio-8443-exec-3] c.p.c.b.keymanagement.KeyStoreHelper     : Accessing KeyStore entry.
2025-07-31T17:49:24.904+02:00 DEBUG 1228 --- [https-jsse-nio-8443-exec-3] c.p.c.b.keymanagement.KeyStoreHelper     : KeyStore entry accessed successfully.
2025-07-31T17:49:24.904+02:00 DEBUG 1228 --- [https-jsse-nio-8443-exec-3] c.p.c.b.k.ClientKeyEncryptor             : Decrypting client key with master key (AES unwrap)
2025-07-31T17:49:24.905+02:00  INFO 1228 --- [https-jsse-nio-8443-exec-3] c.p.c.b.k.ClientKeyEncryptor             : Client key successfully decrypted with master key
2025-07-31T17:49:24.905+02:00  INFO 1228 --- [https-jsse-nio-8443-exec-3] c.p.c.b.keymanagement.KeyStoreHelper     : Client key successfully retrieved and decrypted.
2025-07-31T17:49:24.906+02:00 DEBUG 1228 --- [https-jsse-nio-8443-exec-3] c.p.c.b.cryptography.EncryptService      : SecureRandom instance for IV generation successfully created.
2025-07-31T17:49:24.906+02:00  INFO 1228 --- [https-jsse-nio-8443-exec-3] c.p.c.b.keymanagement.ClientKeyRegistry  : Updated IV for client 'client1'
2025-07-31T17:49:24.906+02:00 DEBUG 1228 --- [https-jsse-nio-8443-exec-3] c.p.c.b.cryptography.CryptoUtility       : Cipher instance created with algorithm.
2025-07-31T17:49:24.906+02:00 DEBUG 1228 --- [https-jsse-nio-8443-exec-3] c.p.c.b.cryptography.CryptoUtility       : GCMParameterSpec created.
2025-07-31T17:49:24.906+02:00 DEBUG 1228 --- [https-jsse-nio-8443-exec-3] c.p.c.b.cryptography.CryptoUtility       : Cipher initialized for decryption mode.
2025-07-31T17:49:24.907+02:00 DEBUG 1228 --- [https-jsse-nio-8443-exec-3] c.p.c.b.cryptography.EncryptService      : Plaintext successfully encrypted.
2025-07-31T17:49:24.907+02:00  INFO 1228 --- [https-jsse-nio-8443-exec-3] c.p.c.b.cryptography.EncryptService      : Encryption completed successfully for client 'client1'.
2025-07-31T17:49:24.907+02:00  INFO 1228 --- [https-jsse-nio-8443-exec-3] c.p.cryptoservice.boundary.Controller    : Encryption successful for client 'client1'

2025-07-31T17:49:24.970+02:00  INFO 1228 --- [https-jsse-nio-8443-exec-9] c.p.c.b.s.DynamicUserDetailsService      : ============================== /crypto/decrypt Request from client2 ==============================

2025-07-31T17:49:24.971+02:00 DEBUG 1228 --- [https-jsse-nio-8443-exec-9] c.p.c.b.s.DynamicUserDetailsService      : User authentication attempt for CN='client2' on path '/crypto/decrypt'
2025-07-31T17:49:24.971+02:00  INFO 1228 --- [https-jsse-nio-8443-exec-9] c.p.c.b.s.DynamicUserDetailsService      : Registering new client CN='client2' based on request to '/crypto/decrypt'
2025-07-31T17:49:24.974+02:00  INFO 1228 --- [https-jsse-nio-8443-exec-9] c.p.cryptoservice.boundary.Controller    : Received decrypt request for client 'client2'.
2025-07-31T17:49:24.974+02:00 DEBUG 1228 --- [https-jsse-nio-8443-exec-9] c.p.c.b.keymanagement.KeyStoreHelper     : Retrieving key (raw) for alias 'jwt-signing-key'
2025-07-31T17:49:24.974+02:00 DEBUG 1228 --- [https-jsse-nio-8443-exec-9] c.p.c.b.keymanagement.KeyStoreLoader     : Attempting to load keystore.
2025-07-31T17:49:24.983+02:00  INFO 1228 --- [https-jsse-nio-8443-exec-9] c.p.c.b.keymanagement.KeyStoreLoader     : Keystore successfully loaded.
2025-07-31T17:49:24.983+02:00 DEBUG 1228 --- [https-jsse-nio-8443-exec-9] c.p.c.b.keymanagement.KeyStoreLoader     : Successfully loaded keystore.
2025-07-31T17:49:24.983+02:00 DEBUG 1228 --- [https-jsse-nio-8443-exec-9] c.p.c.b.keymanagement.KeyStoreHelper     : Accessing KeyStore entry.
2025-07-31T17:49:25.023+02:00 DEBUG 1228 --- [https-jsse-nio-8443-exec-9] c.p.c.b.keymanagement.KeyStoreHelper     : KeyStore entry accessed successfully.
2025-07-31T17:49:25.023+02:00  INFO 1228 --- [https-jsse-nio-8443-exec-9] c.p.c.b.keymanagement.KeyStoreHelper     : Key successfully retrieved.
2025-07-31T17:49:25.026+02:00 DEBUG 1228 --- [https-jsse-nio-8443-exec-9] c.p.cryptoservice.boundary.Controller    : Decrypt request validated for client 'client2'.
2025-07-31T17:49:25.026+02:00 DEBUG 1228 --- [https-jsse-nio-8443-exec-9] c.p.c.b.j.JwtManagementService           : Extracting issuedTo from JWT
2025-07-31T17:49:25.026+02:00 DEBUG 1228 --- [https-jsse-nio-8443-exec-9] c.p.c.b.keymanagement.KeyStoreHelper     : Retrieving key (raw) for alias 'jwt-signing-key'
2025-07-31T17:49:25.027+02:00 DEBUG 1228 --- [https-jsse-nio-8443-exec-9] c.p.c.b.keymanagement.KeyStoreLoader     : Attempting to load keystore.
2025-07-31T17:49:25.036+02:00  INFO 1228 --- [https-jsse-nio-8443-exec-9] c.p.c.b.keymanagement.KeyStoreLoader     : Keystore successfully loaded.
2025-07-31T17:49:25.040+02:00 DEBUG 1228 --- [https-jsse-nio-8443-exec-9] c.p.c.b.keymanagement.KeyStoreLoader     : Successfully loaded keystore.
2025-07-31T17:49:25.040+02:00 DEBUG 1228 --- [https-jsse-nio-8443-exec-9] c.p.c.b.keymanagement.KeyStoreHelper     : Accessing KeyStore entry.
2025-07-31T17:49:25.071+02:00 DEBUG 1228 --- [https-jsse-nio-8443-exec-9] c.p.c.b.keymanagement.KeyStoreHelper     : KeyStore entry accessed successfully.
2025-07-31T17:49:25.071+02:00  INFO 1228 --- [https-jsse-nio-8443-exec-9] c.p.c.b.keymanagement.KeyStoreHelper     : Key successfully retrieved.
2025-07-31T17:49:25.074+02:00 DEBUG 1228 --- [https-jsse-nio-8443-exec-9] c.p.c.b.j.JwtManagementService           : Extracted issuedTo successfully.
2025-07-31T17:49:25.074+02:00 DEBUG 1228 --- [https-jsse-nio-8443-exec-9] c.p.c.b.j.JwtManagementService           : Extracting keyAlias from JWT
2025-07-31T17:49:25.074+02:00 DEBUG 1228 --- [https-jsse-nio-8443-exec-9] c.p.c.b.keymanagement.KeyStoreHelper     : Retrieving key (raw) for alias 'jwt-signing-key'
2025-07-31T17:49:25.074+02:00 DEBUG 1228 --- [https-jsse-nio-8443-exec-9] c.p.c.b.keymanagement.KeyStoreLoader     : Attempting to load keystore.
2025-07-31T17:49:25.084+02:00  INFO 1228 --- [https-jsse-nio-8443-exec-9] c.p.c.b.keymanagement.KeyStoreLoader     : Keystore successfully loaded.
2025-07-31T17:49:25.084+02:00 DEBUG 1228 --- [https-jsse-nio-8443-exec-9] c.p.c.b.keymanagement.KeyStoreLoader     : Successfully loaded keystore.
2025-07-31T17:49:25.084+02:00 DEBUG 1228 --- [https-jsse-nio-8443-exec-9] c.p.c.b.keymanagement.KeyStoreHelper     : Accessing KeyStore entry.
2025-07-31T17:49:25.117+02:00 DEBUG 1228 --- [https-jsse-nio-8443-exec-9] c.p.c.b.keymanagement.KeyStoreHelper     : KeyStore entry accessed successfully.
2025-07-31T17:49:25.117+02:00  INFO 1228 --- [https-jsse-nio-8443-exec-9] c.p.c.b.keymanagement.KeyStoreHelper     : Key successfully retrieved.
2025-07-31T17:49:25.123+02:00 DEBUG 1228 --- [https-jsse-nio-8443-exec-9] c.p.c.b.j.JwtManagementService           : Extracted keyAlias successfully.
2025-07-31T17:49:25.124+02:00 DEBUG 1228 --- [https-jsse-nio-8443-exec-9] c.p.c.b.keymanagement.ClientKeyRegistry  : Checking if key alias 'qv09d3ux6jm3mqjp6zlz9g' exists: true
2025-07-31T17:49:25.124+02:00 DEBUG 1228 --- [https-jsse-nio-8443-exec-9] c.p.c.b.authorization.AuthRegistry       : Revoked access to keyAlias 'qv09d3ux6jm3mqjp6zlz9g' for client 'client2'
2025-07-31T17:49:25.124+02:00 DEBUG 1228 --- [https-jsse-nio-8443-exec-9] c.p.cryptoservice.boundary.Controller    : Authorization successful for decrypt request by client 'client2'.
2025-07-31T17:49:25.125+02:00  INFO 1228 --- [https-jsse-nio-8443-exec-9] c.p.c.b.cryptography.DecryptService      : Starting decryption for client 'client2'.
2025-07-31T17:49:25.125+02:00 DEBUG 1228 --- [https-jsse-nio-8443-exec-9] c.p.c.b.j.JwtManagementService           : Extracting keyAlias from JWT
2025-07-31T17:49:25.125+02:00 DEBUG 1228 --- [https-jsse-nio-8443-exec-9] c.p.c.b.keymanagement.KeyStoreHelper     : Retrieving key (raw) for alias 'jwt-signing-key'
2025-07-31T17:49:25.125+02:00 DEBUG 1228 --- [https-jsse-nio-8443-exec-9] c.p.c.b.keymanagement.KeyStoreLoader     : Attempting to load keystore.
2025-07-31T17:49:25.134+02:00  INFO 1228 --- [https-jsse-nio-8443-exec-9] c.p.c.b.keymanagement.KeyStoreLoader     : Keystore successfully loaded.
2025-07-31T17:49:25.134+02:00 DEBUG 1228 --- [https-jsse-nio-8443-exec-9] c.p.c.b.keymanagement.KeyStoreLoader     : Successfully loaded keystore.
2025-07-31T17:49:25.134+02:00 DEBUG 1228 --- [https-jsse-nio-8443-exec-9] c.p.c.b.keymanagement.KeyStoreHelper     : Accessing KeyStore entry.
2025-07-31T17:49:25.165+02:00 DEBUG 1228 --- [https-jsse-nio-8443-exec-9] c.p.c.b.keymanagement.KeyStoreHelper     : KeyStore entry accessed successfully.
2025-07-31T17:49:25.165+02:00  INFO 1228 --- [https-jsse-nio-8443-exec-9] c.p.c.b.keymanagement.KeyStoreHelper     : Key successfully retrieved.
2025-07-31T17:49:25.167+02:00 DEBUG 1228 --- [https-jsse-nio-8443-exec-9] c.p.c.b.j.JwtManagementService           : Extracted keyAlias successfully.
2025-07-31T17:49:25.167+02:00 DEBUG 1228 --- [https-jsse-nio-8443-exec-9] c.p.c.b.keymanagement.KeyStoreHelper     : Retrieving and decrypting client key.
2025-07-31T17:49:25.168+02:00 DEBUG 1228 --- [https-jsse-nio-8443-exec-9] c.p.c.b.keymanagement.KeyStoreLoader     : Attempting to load keystore.
2025-07-31T17:49:25.179+02:00  INFO 1228 --- [https-jsse-nio-8443-exec-9] c.p.c.b.keymanagement.KeyStoreLoader     : Keystore successfully loaded.
2025-07-31T17:49:25.179+02:00 DEBUG 1228 --- [https-jsse-nio-8443-exec-9] c.p.c.b.keymanagement.KeyStoreLoader     : Successfully loaded keystore.
2025-07-31T17:49:25.179+02:00 DEBUG 1228 --- [https-jsse-nio-8443-exec-9] c.p.c.b.keymanagement.MasterKeyService   : Retrieving master key from KeyStore
2025-07-31T17:49:25.180+02:00 DEBUG 1228 --- [https-jsse-nio-8443-exec-9] c.p.c.b.keymanagement.KeyStoreLoader     : Attempting to load keystore.
2025-07-31T17:49:25.189+02:00  INFO 1228 --- [https-jsse-nio-8443-exec-9] c.p.c.b.keymanagement.KeyStoreLoader     : Keystore successfully loaded.
2025-07-31T17:49:25.189+02:00 DEBUG 1228 --- [https-jsse-nio-8443-exec-9] c.p.c.b.keymanagement.KeyStoreLoader     : Successfully loaded keystore.
2025-07-31T17:49:25.223+02:00  INFO 1228 --- [https-jsse-nio-8443-exec-9] c.p.c.b.keymanagement.MasterKeyService   : Master key successfully retrieved from KeyStore
2025-07-31T17:49:25.223+02:00 DEBUG 1228 --- [https-jsse-nio-8443-exec-9] c.p.c.b.keymanagement.KeyStoreHelper     : Accessing KeyStore entry.
2025-07-31T17:49:25.253+02:00 DEBUG 1228 --- [https-jsse-nio-8443-exec-9] c.p.c.b.keymanagement.KeyStoreHelper     : KeyStore entry accessed successfully.
2025-07-31T17:49:25.255+02:00 DEBUG 1228 --- [https-jsse-nio-8443-exec-9] c.p.c.b.k.ClientKeyEncryptor             : Decrypting client key with master key (AES unwrap)
2025-07-31T17:49:25.256+02:00  INFO 1228 --- [https-jsse-nio-8443-exec-9] c.p.c.b.k.ClientKeyEncryptor             : Client key successfully decrypted with master key
2025-07-31T17:49:25.257+02:00  INFO 1228 --- [https-jsse-nio-8443-exec-9] c.p.c.b.keymanagement.KeyStoreHelper     : Client key successfully retrieved and decrypted.
2025-07-31T17:49:25.258+02:00 DEBUG 1228 --- [https-jsse-nio-8443-exec-9] c.p.c.b.cryptography.CryptoUtility       : Cipher instance created with algorithm.
2025-07-31T17:49:25.258+02:00 DEBUG 1228 --- [https-jsse-nio-8443-exec-9] c.p.c.b.cryptography.CryptoUtility       : GCMParameterSpec created.
2025-07-31T17:49:25.259+02:00 DEBUG 1228 --- [https-jsse-nio-8443-exec-9] c.p.c.b.cryptography.CryptoUtility       : Cipher initialized for decryption mode.
2025-07-31T17:49:25.259+02:00 DEBUG 1228 --- [https-jsse-nio-8443-exec-9] c.p.c.b.cryptography.DecryptService      : Cipher text successfully decoded from Base64.
2025-07-31T17:49:25.259+02:00 DEBUG 1228 --- [https-jsse-nio-8443-exec-9] c.p.c.b.cryptography.DecryptService      : Cipher text successfully decrypted.
2025-07-31T17:49:25.260+02:00  INFO 1228 --- [https-jsse-nio-8443-exec-9] c.p.c.b.cryptography.DecryptService      : Decryption completed for client 'client2'.
2025-07-31T17:49:25.261+02:00  INFO 1228 --- [https-jsse-nio-8443-exec-9] c.p.cryptoservice.boundary.Controller    : Decryption successful for client 'client2'.

2025-07-31T17:49:25.269+02:00  INFO 1228 --- [https-jsse-nio-8443-exec-10] c.p.c.b.s.DynamicUserDetailsService      : ============================== /crypto/keys/generate Request from client2 ==============================

2025-07-31T17:49:25.270+02:00 DEBUG 1228 --- [https-jsse-nio-8443-exec-10] c.p.c.b.s.DynamicUserDetailsService      : User authentication attempt for CN='client2' on path '/crypto/keys/generate'
2025-07-31T17:49:25.271+02:00 DEBUG 1228 --- [https-jsse-nio-8443-exec-10] c.p.c.b.s.DynamicUserDetailsService      : Known client CN='client2' authenticated successfully.
2025-07-31T17:49:25.272+02:00  INFO 1228 --- [https-jsse-nio-8443-exec-10] c.p.cryptoservice.boundary.Controller    : Key generation requested by client 'client2'.
2025-07-31T17:49:25.272+02:00  INFO 1228 --- [https-jsse-nio-8443-exec-10] c.p.c.b.k.KeyManagementService           : Starting key generation for client 'client2'
2025-07-31T17:49:25.273+02:00 DEBUG 1228 --- [https-jsse-nio-8443-exec-10] c.p.c.b.keymanagement.ClientKeyRegistry  : Checking if client 'client2' exists: false
2025-07-31T17:49:25.273+02:00 DEBUG 1228 --- [https-jsse-nio-8443-exec-10] c.p.c.b.k.KeyManagementService           : Random AES key generated for client 'client2'
2025-07-31T17:49:25.274+02:00 DEBUG 1228 --- [https-jsse-nio-8443-exec-10] c.p.c.b.k.KeyManagementService           : Random key alias generated for client 'client2'.
2025-07-31T17:49:25.274+02:00 DEBUG 1228 --- [https-jsse-nio-8443-exec-10] c.p.c.b.keymanagement.KeyStoreHelper     : Storing key for keyAlias 'c5mifh7m2qtoiaxpffn5ia'
2025-07-31T17:49:25.274+02:00 DEBUG 1228 --- [https-jsse-nio-8443-exec-10] c.p.c.b.keymanagement.KeyStoreLoader     : Attempting to load keystore.
2025-07-31T17:49:25.284+02:00  INFO 1228 --- [https-jsse-nio-8443-exec-10] c.p.c.b.keymanagement.KeyStoreLoader     : Keystore successfully loaded.
2025-07-31T17:49:25.284+02:00 DEBUG 1228 --- [https-jsse-nio-8443-exec-10] c.p.c.b.keymanagement.KeyStoreLoader     : Successfully loaded keystore.
2025-07-31T17:49:25.284+02:00 DEBUG 1228 --- [https-jsse-nio-8443-exec-10] c.p.c.b.keymanagement.MasterKeyService   : Retrieving master key from KeyStore
2025-07-31T17:49:25.284+02:00 DEBUG 1228 --- [https-jsse-nio-8443-exec-10] c.p.c.b.keymanagement.KeyStoreLoader     : Attempting to load keystore.
2025-07-31T17:49:25.293+02:00  INFO 1228 --- [https-jsse-nio-8443-exec-10] c.p.c.b.keymanagement.KeyStoreLoader     : Keystore successfully loaded.
2025-07-31T17:49:25.294+02:00 DEBUG 1228 --- [https-jsse-nio-8443-exec-10] c.p.c.b.keymanagement.KeyStoreLoader     : Successfully loaded keystore.
2025-07-31T17:49:25.330+02:00  INFO 1228 --- [https-jsse-nio-8443-exec-10] c.p.c.b.keymanagement.MasterKeyService   : Master key successfully retrieved from KeyStore
2025-07-31T17:49:25.330+02:00 DEBUG 1228 --- [https-jsse-nio-8443-exec-10] c.p.c.b.k.ClientKeyEncryptor             : Encrypting client key with master key (AES wrap)
2025-07-31T17:49:25.331+02:00  INFO 1228 --- [https-jsse-nio-8443-exec-10] c.p.c.b.k.ClientKeyEncryptor             : Client key successfully encrypted with master key
2025-07-31T17:49:25.331+02:00 DEBUG 1228 --- [https-jsse-nio-8443-exec-10] c.p.c.b.keymanagement.KeyStoreHelper     : Storing wrapped key in keystore.
2025-07-31T17:49:25.359+02:00 DEBUG 1228 --- [https-jsse-nio-8443-exec-10] c.p.c.b.keymanagement.KeyStoreHelper     : Wrapped key stored successfully.
2025-07-31T17:49:25.360+02:00 DEBUG 1228 --- [https-jsse-nio-8443-exec-10] c.p.c.b.keymanagement.KeyStoreLoader     : Attempting to save keystore.
2025-07-31T17:49:25.369+02:00  INFO 1228 --- [https-jsse-nio-8443-exec-10] c.p.c.b.keymanagement.KeyStoreLoader     : Keystore successfully saved to 'C:\Users\marce\Documents\SyncDataCloudSecure\Crypto-Microservice\cryptoservice\src\main\resources\keystore\client-keystore.p12'
2025-07-31T17:49:25.373+02:00 DEBUG 1228 --- [https-jsse-nio-8443-exec-10] c.p.c.b.keymanagement.KeyStoreLoader     : Successfully saved keystore.
2025-07-31T17:49:25.375+02:00  INFO 1228 --- [https-jsse-nio-8443-exec-10] c.p.c.b.keymanagement.KeyStoreHelper     : Key stored and saved successfully in keystore.
2025-07-31T17:49:25.375+02:00  INFO 1228 --- [https-jsse-nio-8443-exec-10] c.p.c.b.k.KeyManagementService           : Key stored in KeyStore for client 'client2'.
2025-07-31T17:49:25.376+02:00  INFO 1228 --- [https-jsse-nio-8443-exec-10] c.p.c.b.keymanagement.ClientKeyRegistry  : Registered new client 'client2', key alias 'c5mifh7m2qtoiaxpffn5ia'
2025-07-31T17:49:25.376+02:00 DEBUG 1228 --- [https-jsse-nio-8443-exec-10] c.p.c.b.authorization.AuthRegistry       : Registered keyAlias 'c5mifh7m2qtoiaxpffn5ia' with access for: []
2025-07-31T17:49:25.376+02:00  INFO 1228 --- [https-jsse-nio-8443-exec-10] c.p.c.b.k.KeyManagementService           : Client 'client2' registered in client key registry.
2025-07-31T17:49:25.376+02:00  INFO 1228 --- [https-jsse-nio-8443-exec-10] c.p.cryptoservice.boundary.Controller    : Key successfully generated for client 'client2'.

2025-07-31T17:49:25.383+02:00  INFO 1228 --- [https-jsse-nio-8443-exec-2] c.p.c.b.s.DynamicUserDetailsService      : ============================== /crypto/jwt/generate Request from client2 ==============================

2025-07-31T17:49:25.383+02:00 DEBUG 1228 --- [https-jsse-nio-8443-exec-2] c.p.c.b.s.DynamicUserDetailsService      : User authentication attempt for CN='client2' on path '/crypto/jwt/generate'
2025-07-31T17:49:25.383+02:00 DEBUG 1228 --- [https-jsse-nio-8443-exec-2] c.p.c.b.s.DynamicUserDetailsService      : Known client CN='client2' authenticated successfully.
2025-07-31T17:49:25.384+02:00  INFO 1228 --- [https-jsse-nio-8443-exec-2] c.p.cryptoservice.boundary.Controller    : JWT generation requested by client 'client2'.
2025-07-31T17:49:25.384+02:00 DEBUG 1228 --- [https-jsse-nio-8443-exec-2] c.p.cryptoservice.boundary.Controller    : JWT request validated for client 'client2'.
2025-07-31T17:49:25.384+02:00 DEBUG 1228 --- [https-jsse-nio-8443-exec-2] c.p.c.b.keymanagement.ClientKeyRegistry  : Checking if client 'client2' exists: true
2025-07-31T17:49:25.385+02:00 DEBUG 1228 --- [https-jsse-nio-8443-exec-2] c.p.c.b.authorization.AuthService        : Authorization successful: Client is registered and authorized to request a JWT.
2025-07-31T17:49:25.385+02:00 DEBUG 1228 --- [https-jsse-nio-8443-exec-2] c.p.cryptoservice.boundary.Controller    : Authorization successful for JWT generation request by client 'client2'.
2025-07-31T17:49:25.385+02:00  INFO 1228 --- [https-jsse-nio-8443-exec-2] c.p.c.b.j.JwtManagementService           : Generating JWT for client 'client2'.
2025-07-31T17:49:25.385+02:00 DEBUG 1228 --- [https-jsse-nio-8443-exec-2] c.p.c.b.keymanagement.KeyStoreHelper     : Retrieving key (raw) for alias 'jwt-signing-key'
2025-07-31T17:49:25.385+02:00 DEBUG 1228 --- [https-jsse-nio-8443-exec-2] c.p.c.b.keymanagement.KeyStoreLoader     : Attempting to load keystore.
2025-07-31T17:49:25.393+02:00  INFO 1228 --- [https-jsse-nio-8443-exec-2] c.p.c.b.keymanagement.KeyStoreLoader     : Keystore successfully loaded.
2025-07-31T17:49:25.394+02:00 DEBUG 1228 --- [https-jsse-nio-8443-exec-2] c.p.c.b.keymanagement.KeyStoreLoader     : Successfully loaded keystore.
2025-07-31T17:49:25.394+02:00 DEBUG 1228 --- [https-jsse-nio-8443-exec-2] c.p.c.b.keymanagement.KeyStoreHelper     : Accessing KeyStore entry.
2025-07-31T17:49:25.424+02:00 DEBUG 1228 --- [https-jsse-nio-8443-exec-2] c.p.c.b.keymanagement.KeyStoreHelper     : KeyStore entry accessed successfully.
2025-07-31T17:49:25.425+02:00  INFO 1228 --- [https-jsse-nio-8443-exec-2] c.p.c.b.keymanagement.KeyStoreHelper     : Key successfully retrieved.
2025-07-31T17:49:25.426+02:00  INFO 1228 --- [https-jsse-nio-8443-exec-2] c.p.c.b.j.JwtManagementService           : JWT successfully generated for client 'client2'
2025-07-31T17:49:25.426+02:00  INFO 1228 --- [https-jsse-nio-8443-exec-2] c.p.cryptoservice.boundary.Controller    : JWT successfully generated for client 'client2'.

2025-07-31T17:49:25.432+02:00  INFO 1228 --- [https-jsse-nio-8443-exec-1] c.p.c.b.s.DynamicUserDetailsService      : ============================== /crypto/encrypt Request from client2 ==============================

2025-07-31T17:49:25.432+02:00 DEBUG 1228 --- [https-jsse-nio-8443-exec-1] c.p.c.b.s.DynamicUserDetailsService      : User authentication attempt for CN='client2' on path '/crypto/encrypt'
2025-07-31T17:49:25.433+02:00 DEBUG 1228 --- [https-jsse-nio-8443-exec-1] c.p.c.b.s.DynamicUserDetailsService      : Known client CN='client2' authenticated successfully.
2025-07-31T17:49:25.434+02:00  INFO 1228 --- [https-jsse-nio-8443-exec-1] c.p.cryptoservice.boundary.Controller    : Received encrypt request for client 'client2'.
2025-07-31T17:49:25.434+02:00 DEBUG 1228 --- [https-jsse-nio-8443-exec-1] c.p.c.b.keymanagement.KeyStoreHelper     : Retrieving key (raw) for alias 'jwt-signing-key'
2025-07-31T17:49:25.434+02:00 DEBUG 1228 --- [https-jsse-nio-8443-exec-1] c.p.c.b.keymanagement.KeyStoreLoader     : Attempting to load keystore.
2025-07-31T17:49:25.445+02:00  INFO 1228 --- [https-jsse-nio-8443-exec-1] c.p.c.b.keymanagement.KeyStoreLoader     : Keystore successfully loaded.
2025-07-31T17:49:25.445+02:00 DEBUG 1228 --- [https-jsse-nio-8443-exec-1] c.p.c.b.keymanagement.KeyStoreLoader     : Successfully loaded keystore.
2025-07-31T17:49:25.445+02:00 DEBUG 1228 --- [https-jsse-nio-8443-exec-1] c.p.c.b.keymanagement.KeyStoreHelper     : Accessing KeyStore entry.
2025-07-31T17:49:25.477+02:00 DEBUG 1228 --- [https-jsse-nio-8443-exec-1] c.p.c.b.keymanagement.KeyStoreHelper     : KeyStore entry accessed successfully.
2025-07-31T17:49:25.477+02:00  INFO 1228 --- [https-jsse-nio-8443-exec-1] c.p.c.b.keymanagement.KeyStoreHelper     : Key successfully retrieved.
2025-07-31T17:49:25.479+02:00 DEBUG 1228 --- [https-jsse-nio-8443-exec-1] c.p.cryptoservice.boundary.Controller    : Encrypt request validated for client 'client2'.
2025-07-31T17:49:25.479+02:00 DEBUG 1228 --- [https-jsse-nio-8443-exec-1] c.p.c.b.j.JwtManagementService           : Extracting issuedTo from JWT
2025-07-31T17:49:25.479+02:00 DEBUG 1228 --- [https-jsse-nio-8443-exec-1] c.p.c.b.keymanagement.KeyStoreHelper     : Retrieving key (raw) for alias 'jwt-signing-key'
2025-07-31T17:49:25.480+02:00 DEBUG 1228 --- [https-jsse-nio-8443-exec-1] c.p.c.b.keymanagement.KeyStoreLoader     : Attempting to load keystore.
2025-07-31T17:49:25.488+02:00  INFO 1228 --- [https-jsse-nio-8443-exec-1] c.p.c.b.keymanagement.KeyStoreLoader     : Keystore successfully loaded.
2025-07-31T17:49:25.489+02:00 DEBUG 1228 --- [https-jsse-nio-8443-exec-1] c.p.c.b.keymanagement.KeyStoreLoader     : Successfully loaded keystore.
2025-07-31T17:49:25.489+02:00 DEBUG 1228 --- [https-jsse-nio-8443-exec-1] c.p.c.b.keymanagement.KeyStoreHelper     : Accessing KeyStore entry.
2025-07-31T17:49:25.518+02:00 DEBUG 1228 --- [https-jsse-nio-8443-exec-1] c.p.c.b.keymanagement.KeyStoreHelper     : KeyStore entry accessed successfully.
2025-07-31T17:49:25.518+02:00  INFO 1228 --- [https-jsse-nio-8443-exec-1] c.p.c.b.keymanagement.KeyStoreHelper     : Key successfully retrieved.
2025-07-31T17:49:25.526+02:00 DEBUG 1228 --- [https-jsse-nio-8443-exec-1] c.p.c.b.j.JwtManagementService           : Extracted issuedTo successfully.
2025-07-31T17:49:25.526+02:00 DEBUG 1228 --- [https-jsse-nio-8443-exec-1] c.p.c.b.keymanagement.ClientKeyRegistry  : Checking if client 'client2' exists: true
2025-07-31T17:49:25.526+02:00 DEBUG 1228 --- [https-jsse-nio-8443-exec-1] c.p.c.b.authorization.AuthRegistry       : Granted access to keyAlias 'c5mifh7m2qtoiaxpffn5ia' for client 'client1'
2025-07-31T17:49:25.526+02:00 DEBUG 1228 --- [https-jsse-nio-8443-exec-1] c.p.cryptoservice.boundary.Controller    : Authorization successful for encrypt request by client 'client2'.
2025-07-31T17:49:25.527+02:00  INFO 1228 --- [https-jsse-nio-8443-exec-1] c.p.c.b.cryptography.EncryptService      : Starting encryption process for client 'client2'.
2025-07-31T17:49:25.527+02:00 DEBUG 1228 --- [https-jsse-nio-8443-exec-1] c.p.c.b.j.JwtManagementService           : Extracting keyAlias from JWT
2025-07-31T17:49:25.527+02:00 DEBUG 1228 --- [https-jsse-nio-8443-exec-1] c.p.c.b.keymanagement.KeyStoreHelper     : Retrieving key (raw) for alias 'jwt-signing-key'
2025-07-31T17:49:25.527+02:00 DEBUG 1228 --- [https-jsse-nio-8443-exec-1] c.p.c.b.keymanagement.KeyStoreLoader     : Attempting to load keystore.
2025-07-31T17:49:25.537+02:00  INFO 1228 --- [https-jsse-nio-8443-exec-1] c.p.c.b.keymanagement.KeyStoreLoader     : Keystore successfully loaded.
2025-07-31T17:49:25.539+02:00 DEBUG 1228 --- [https-jsse-nio-8443-exec-1] c.p.c.b.keymanagement.KeyStoreLoader     : Successfully loaded keystore.
2025-07-31T17:49:25.540+02:00 DEBUG 1228 --- [https-jsse-nio-8443-exec-1] c.p.c.b.keymanagement.KeyStoreHelper     : Accessing KeyStore entry.
2025-07-31T17:49:25.568+02:00 DEBUG 1228 --- [https-jsse-nio-8443-exec-1] c.p.c.b.keymanagement.KeyStoreHelper     : KeyStore entry accessed successfully.
2025-07-31T17:49:25.572+02:00  INFO 1228 --- [https-jsse-nio-8443-exec-1] c.p.c.b.keymanagement.KeyStoreHelper     : Key successfully retrieved.
2025-07-31T17:49:25.575+02:00 DEBUG 1228 --- [https-jsse-nio-8443-exec-1] c.p.c.b.j.JwtManagementService           : Extracted keyAlias successfully.
2025-07-31T17:49:25.575+02:00 DEBUG 1228 --- [https-jsse-nio-8443-exec-1] c.p.c.b.j.JwtManagementService           : Extracting issuedTo from JWT
2025-07-31T17:49:25.575+02:00 DEBUG 1228 --- [https-jsse-nio-8443-exec-1] c.p.c.b.keymanagement.KeyStoreHelper     : Retrieving key (raw) for alias 'jwt-signing-key'
2025-07-31T17:49:25.575+02:00 DEBUG 1228 --- [https-jsse-nio-8443-exec-1] c.p.c.b.keymanagement.KeyStoreLoader     : Attempting to load keystore.
2025-07-31T17:49:25.584+02:00  INFO 1228 --- [https-jsse-nio-8443-exec-1] c.p.c.b.keymanagement.KeyStoreLoader     : Keystore successfully loaded.
2025-07-31T17:49:25.584+02:00 DEBUG 1228 --- [https-jsse-nio-8443-exec-1] c.p.c.b.keymanagement.KeyStoreLoader     : Successfully loaded keystore.
2025-07-31T17:49:25.584+02:00 DEBUG 1228 --- [https-jsse-nio-8443-exec-1] c.p.c.b.keymanagement.KeyStoreHelper     : Accessing KeyStore entry.
2025-07-31T17:49:25.615+02:00 DEBUG 1228 --- [https-jsse-nio-8443-exec-1] c.p.c.b.keymanagement.KeyStoreHelper     : KeyStore entry accessed successfully.
2025-07-31T17:49:25.615+02:00  INFO 1228 --- [https-jsse-nio-8443-exec-1] c.p.c.b.keymanagement.KeyStoreHelper     : Key successfully retrieved.
2025-07-31T17:49:25.617+02:00 DEBUG 1228 --- [https-jsse-nio-8443-exec-1] c.p.c.b.j.JwtManagementService           : Extracted issuedTo successfully.
2025-07-31T17:49:25.617+02:00 DEBUG 1228 --- [https-jsse-nio-8443-exec-1] c.p.c.b.keymanagement.KeyStoreHelper     : Retrieving and decrypting client key.
2025-07-31T17:49:25.618+02:00 DEBUG 1228 --- [https-jsse-nio-8443-exec-1] c.p.c.b.keymanagement.KeyStoreLoader     : Attempting to load keystore.
2025-07-31T17:49:25.628+02:00  INFO 1228 --- [https-jsse-nio-8443-exec-1] c.p.c.b.keymanagement.KeyStoreLoader     : Keystore successfully loaded.
2025-07-31T17:49:25.628+02:00 DEBUG 1228 --- [https-jsse-nio-8443-exec-1] c.p.c.b.keymanagement.KeyStoreLoader     : Successfully loaded keystore.
2025-07-31T17:49:25.628+02:00 DEBUG 1228 --- [https-jsse-nio-8443-exec-1] c.p.c.b.keymanagement.MasterKeyService   : Retrieving master key from KeyStore
2025-07-31T17:49:25.628+02:00 DEBUG 1228 --- [https-jsse-nio-8443-exec-1] c.p.c.b.keymanagement.KeyStoreLoader     : Attempting to load keystore.
2025-07-31T17:49:25.646+02:00  INFO 1228 --- [https-jsse-nio-8443-exec-1] c.p.c.b.keymanagement.KeyStoreLoader     : Keystore successfully loaded.
2025-07-31T17:49:25.646+02:00 DEBUG 1228 --- [https-jsse-nio-8443-exec-1] c.p.c.b.keymanagement.KeyStoreLoader     : Successfully loaded keystore.
2025-07-31T17:49:25.674+02:00  INFO 1228 --- [https-jsse-nio-8443-exec-1] c.p.c.b.keymanagement.MasterKeyService   : Master key successfully retrieved from KeyStore
2025-07-31T17:49:25.675+02:00 DEBUG 1228 --- [https-jsse-nio-8443-exec-1] c.p.c.b.keymanagement.KeyStoreHelper     : Accessing KeyStore entry.
2025-07-31T17:49:25.704+02:00 DEBUG 1228 --- [https-jsse-nio-8443-exec-1] c.p.c.b.keymanagement.KeyStoreHelper     : KeyStore entry accessed successfully.
2025-07-31T17:49:25.705+02:00 DEBUG 1228 --- [https-jsse-nio-8443-exec-1] c.p.c.b.k.ClientKeyEncryptor             : Decrypting client key with master key (AES unwrap)
2025-07-31T17:49:25.706+02:00  INFO 1228 --- [https-jsse-nio-8443-exec-1] c.p.c.b.k.ClientKeyEncryptor             : Client key successfully decrypted with master key
2025-07-31T17:49:25.706+02:00  INFO 1228 --- [https-jsse-nio-8443-exec-1] c.p.c.b.keymanagement.KeyStoreHelper     : Client key successfully retrieved and decrypted.
2025-07-31T17:49:25.706+02:00 DEBUG 1228 --- [https-jsse-nio-8443-exec-1] c.p.c.b.cryptography.EncryptService      : SecureRandom instance for IV generation successfully created.
2025-07-31T17:49:25.707+02:00  INFO 1228 --- [https-jsse-nio-8443-exec-1] c.p.c.b.keymanagement.ClientKeyRegistry  : Updated IV for client 'client2'
2025-07-31T17:49:25.707+02:00 DEBUG 1228 --- [https-jsse-nio-8443-exec-1] c.p.c.b.cryptography.CryptoUtility       : Cipher instance created with algorithm.
2025-07-31T17:49:25.707+02:00 DEBUG 1228 --- [https-jsse-nio-8443-exec-1] c.p.c.b.cryptography.CryptoUtility       : GCMParameterSpec created.
2025-07-31T17:49:25.708+02:00 DEBUG 1228 --- [https-jsse-nio-8443-exec-1] c.p.c.b.cryptography.CryptoUtility       : Cipher initialized for decryption mode.
2025-07-31T17:49:25.708+02:00 DEBUG 1228 --- [https-jsse-nio-8443-exec-1] c.p.c.b.cryptography.EncryptService      : Plaintext successfully encrypted.
2025-07-31T17:49:25.708+02:00  INFO 1228 --- [https-jsse-nio-8443-exec-1] c.p.c.b.cryptography.EncryptService      : Encryption completed successfully for client 'client2'.
2025-07-31T17:49:25.708+02:00  INFO 1228 --- [https-jsse-nio-8443-exec-1] c.p.cryptoservice.boundary.Controller    : Encryption successful for client 'client2'

2025-07-31T17:49:25.715+02:00  INFO 1228 --- [https-jsse-nio-8443-exec-3] c.p.c.b.s.DynamicUserDetailsService      : ============================== /crypto/decrypt Request from client1 ==============================

2025-07-31T17:49:25.715+02:00 DEBUG 1228 --- [https-jsse-nio-8443-exec-3] c.p.c.b.s.DynamicUserDetailsService      : User authentication attempt for CN='client1' on path '/crypto/decrypt'
2025-07-31T17:49:25.715+02:00 DEBUG 1228 --- [https-jsse-nio-8443-exec-3] c.p.c.b.s.DynamicUserDetailsService      : Known client CN='client1' authenticated successfully.
2025-07-31T17:49:25.716+02:00  INFO 1228 --- [https-jsse-nio-8443-exec-3] c.p.cryptoservice.boundary.Controller    : Received decrypt request for client 'client1'.
2025-07-31T17:49:25.716+02:00 DEBUG 1228 --- [https-jsse-nio-8443-exec-3] c.p.c.b.keymanagement.KeyStoreHelper     : Retrieving key (raw) for alias 'jwt-signing-key'
2025-07-31T17:49:25.716+02:00 DEBUG 1228 --- [https-jsse-nio-8443-exec-3] c.p.c.b.keymanagement.KeyStoreLoader     : Attempting to load keystore.
2025-07-31T17:49:25.729+02:00  INFO 1228 --- [https-jsse-nio-8443-exec-3] c.p.c.b.keymanagement.KeyStoreLoader     : Keystore successfully loaded.
2025-07-31T17:49:25.730+02:00 DEBUG 1228 --- [https-jsse-nio-8443-exec-3] c.p.c.b.keymanagement.KeyStoreLoader     : Successfully loaded keystore.
2025-07-31T17:49:25.730+02:00 DEBUG 1228 --- [https-jsse-nio-8443-exec-3] c.p.c.b.keymanagement.KeyStoreHelper     : Accessing KeyStore entry.
2025-07-31T17:49:25.761+02:00 DEBUG 1228 --- [https-jsse-nio-8443-exec-3] c.p.c.b.keymanagement.KeyStoreHelper     : KeyStore entry accessed successfully.
2025-07-31T17:49:25.761+02:00  INFO 1228 --- [https-jsse-nio-8443-exec-3] c.p.c.b.keymanagement.KeyStoreHelper     : Key successfully retrieved.
2025-07-31T17:49:25.763+02:00 DEBUG 1228 --- [https-jsse-nio-8443-exec-3] c.p.cryptoservice.boundary.Controller    : Decrypt request validated for client 'client1'.
2025-07-31T17:49:25.764+02:00 DEBUG 1228 --- [https-jsse-nio-8443-exec-3] c.p.c.b.j.JwtManagementService           : Extracting issuedTo from JWT
2025-07-31T17:49:25.764+02:00 DEBUG 1228 --- [https-jsse-nio-8443-exec-3] c.p.c.b.keymanagement.KeyStoreHelper     : Retrieving key (raw) for alias 'jwt-signing-key'
2025-07-31T17:49:25.764+02:00 DEBUG 1228 --- [https-jsse-nio-8443-exec-3] c.p.c.b.keymanagement.KeyStoreLoader     : Attempting to load keystore.
2025-07-31T17:49:25.776+02:00  INFO 1228 --- [https-jsse-nio-8443-exec-3] c.p.c.b.keymanagement.KeyStoreLoader     : Keystore successfully loaded.
2025-07-31T17:49:25.776+02:00 DEBUG 1228 --- [https-jsse-nio-8443-exec-3] c.p.c.b.keymanagement.KeyStoreLoader     : Successfully loaded keystore.
2025-07-31T17:49:25.777+02:00 DEBUG 1228 --- [https-jsse-nio-8443-exec-3] c.p.c.b.keymanagement.KeyStoreHelper     : Accessing KeyStore entry.
2025-07-31T17:49:25.805+02:00 DEBUG 1228 --- [https-jsse-nio-8443-exec-3] c.p.c.b.keymanagement.KeyStoreHelper     : KeyStore entry accessed successfully.
2025-07-31T17:49:25.805+02:00  INFO 1228 --- [https-jsse-nio-8443-exec-3] c.p.c.b.keymanagement.KeyStoreHelper     : Key successfully retrieved.
2025-07-31T17:49:25.807+02:00 DEBUG 1228 --- [https-jsse-nio-8443-exec-3] c.p.c.b.j.JwtManagementService           : Extracted issuedTo successfully.
2025-07-31T17:49:25.807+02:00 DEBUG 1228 --- [https-jsse-nio-8443-exec-3] c.p.c.b.j.JwtManagementService           : Extracting keyAlias from JWT
2025-07-31T17:49:25.807+02:00 DEBUG 1228 --- [https-jsse-nio-8443-exec-3] c.p.c.b.keymanagement.KeyStoreHelper     : Retrieving key (raw) for alias 'jwt-signing-key'
2025-07-31T17:49:25.808+02:00 DEBUG 1228 --- [https-jsse-nio-8443-exec-3] c.p.c.b.keymanagement.KeyStoreLoader     : Attempting to load keystore.
2025-07-31T17:49:25.816+02:00  INFO 1228 --- [https-jsse-nio-8443-exec-3] c.p.c.b.keymanagement.KeyStoreLoader     : Keystore successfully loaded.
2025-07-31T17:49:25.816+02:00 DEBUG 1228 --- [https-jsse-nio-8443-exec-3] c.p.c.b.keymanagement.KeyStoreLoader     : Successfully loaded keystore.
2025-07-31T17:49:25.817+02:00 DEBUG 1228 --- [https-jsse-nio-8443-exec-3] c.p.c.b.keymanagement.KeyStoreHelper     : Accessing KeyStore entry.
2025-07-31T17:49:25.848+02:00 DEBUG 1228 --- [https-jsse-nio-8443-exec-3] c.p.c.b.keymanagement.KeyStoreHelper     : KeyStore entry accessed successfully.
2025-07-31T17:49:25.849+02:00  INFO 1228 --- [https-jsse-nio-8443-exec-3] c.p.c.b.keymanagement.KeyStoreHelper     : Key successfully retrieved.
2025-07-31T17:49:25.851+02:00 DEBUG 1228 --- [https-jsse-nio-8443-exec-3] c.p.c.b.j.JwtManagementService           : Extracted keyAlias successfully.
2025-07-31T17:49:25.851+02:00 DEBUG 1228 --- [https-jsse-nio-8443-exec-3] c.p.c.b.keymanagement.ClientKeyRegistry  : Checking if key alias 'c5mifh7m2qtoiaxpffn5ia' exists: true
2025-07-31T17:49:25.852+02:00 DEBUG 1228 --- [https-jsse-nio-8443-exec-3] c.p.c.b.authorization.AuthRegistry       : Revoked access to keyAlias 'c5mifh7m2qtoiaxpffn5ia' for client 'client1'
2025-07-31T17:49:25.852+02:00 DEBUG 1228 --- [https-jsse-nio-8443-exec-3] c.p.cryptoservice.boundary.Controller    : Authorization successful for decrypt request by client 'client1'.
2025-07-31T17:49:25.853+02:00  INFO 1228 --- [https-jsse-nio-8443-exec-3] c.p.c.b.cryptography.DecryptService      : Starting decryption for client 'client1'.
2025-07-31T17:49:25.853+02:00 DEBUG 1228 --- [https-jsse-nio-8443-exec-3] c.p.c.b.j.JwtManagementService           : Extracting keyAlias from JWT
2025-07-31T17:49:25.853+02:00 DEBUG 1228 --- [https-jsse-nio-8443-exec-3] c.p.c.b.keymanagement.KeyStoreHelper     : Retrieving key (raw) for alias 'jwt-signing-key'
2025-07-31T17:49:25.854+02:00 DEBUG 1228 --- [https-jsse-nio-8443-exec-3] c.p.c.b.keymanagement.KeyStoreLoader     : Attempting to load keystore.
2025-07-31T17:49:25.863+02:00  INFO 1228 --- [https-jsse-nio-8443-exec-3] c.p.c.b.keymanagement.KeyStoreLoader     : Keystore successfully loaded.
2025-07-31T17:49:25.863+02:00 DEBUG 1228 --- [https-jsse-nio-8443-exec-3] c.p.c.b.keymanagement.KeyStoreLoader     : Successfully loaded keystore.
2025-07-31T17:49:25.863+02:00 DEBUG 1228 --- [https-jsse-nio-8443-exec-3] c.p.c.b.keymanagement.KeyStoreHelper     : Accessing KeyStore entry.
2025-07-31T17:49:25.895+02:00 DEBUG 1228 --- [https-jsse-nio-8443-exec-3] c.p.c.b.keymanagement.KeyStoreHelper     : KeyStore entry accessed successfully.
2025-07-31T17:49:25.895+02:00  INFO 1228 --- [https-jsse-nio-8443-exec-3] c.p.c.b.keymanagement.KeyStoreHelper     : Key successfully retrieved.
2025-07-31T17:49:25.897+02:00 DEBUG 1228 --- [https-jsse-nio-8443-exec-3] c.p.c.b.j.JwtManagementService           : Extracted keyAlias successfully.
2025-07-31T17:49:25.898+02:00 DEBUG 1228 --- [https-jsse-nio-8443-exec-3] c.p.c.b.keymanagement.KeyStoreHelper     : Retrieving and decrypting client key.
2025-07-31T17:49:25.898+02:00 DEBUG 1228 --- [https-jsse-nio-8443-exec-3] c.p.c.b.keymanagement.KeyStoreLoader     : Attempting to load keystore.
2025-07-31T17:49:25.912+02:00  INFO 1228 --- [https-jsse-nio-8443-exec-3] c.p.c.b.keymanagement.KeyStoreLoader     : Keystore successfully loaded.
2025-07-31T17:49:25.913+02:00 DEBUG 1228 --- [https-jsse-nio-8443-exec-3] c.p.c.b.keymanagement.KeyStoreLoader     : Successfully loaded keystore.
2025-07-31T17:49:25.913+02:00 DEBUG 1228 --- [https-jsse-nio-8443-exec-3] c.p.c.b.keymanagement.MasterKeyService   : Retrieving master key from KeyStore
2025-07-31T17:49:25.913+02:00 DEBUG 1228 --- [https-jsse-nio-8443-exec-3] c.p.c.b.keymanagement.KeyStoreLoader     : Attempting to load keystore.
2025-07-31T17:49:25.926+02:00  INFO 1228 --- [https-jsse-nio-8443-exec-3] c.p.c.b.keymanagement.KeyStoreLoader     : Keystore successfully loaded.
2025-07-31T17:49:25.928+02:00 DEBUG 1228 --- [https-jsse-nio-8443-exec-3] c.p.c.b.keymanagement.KeyStoreLoader     : Successfully loaded keystore.
2025-07-31T17:49:25.960+02:00  INFO 1228 --- [https-jsse-nio-8443-exec-3] c.p.c.b.keymanagement.MasterKeyService   : Master key successfully retrieved from KeyStore
2025-07-31T17:49:25.960+02:00 DEBUG 1228 --- [https-jsse-nio-8443-exec-3] c.p.c.b.keymanagement.KeyStoreHelper     : Accessing KeyStore entry.
2025-07-31T17:49:25.993+02:00 DEBUG 1228 --- [https-jsse-nio-8443-exec-3] c.p.c.b.keymanagement.KeyStoreHelper     : KeyStore entry accessed successfully.
2025-07-31T17:49:25.993+02:00 DEBUG 1228 --- [https-jsse-nio-8443-exec-3] c.p.c.b.k.ClientKeyEncryptor             : Decrypting client key with master key (AES unwrap)
2025-07-31T17:49:25.993+02:00  INFO 1228 --- [https-jsse-nio-8443-exec-3] c.p.c.b.k.ClientKeyEncryptor             : Client key successfully decrypted with master key
2025-07-31T17:49:25.993+02:00  INFO 1228 --- [https-jsse-nio-8443-exec-3] c.p.c.b.keymanagement.KeyStoreHelper     : Client key successfully retrieved and decrypted.
2025-07-31T17:49:25.993+02:00 DEBUG 1228 --- [https-jsse-nio-8443-exec-3] c.p.c.b.cryptography.CryptoUtility       : Cipher instance created with algorithm.
2025-07-31T17:49:25.993+02:00 DEBUG 1228 --- [https-jsse-nio-8443-exec-3] c.p.c.b.cryptography.CryptoUtility       : GCMParameterSpec created.
2025-07-31T17:49:25.994+02:00 DEBUG 1228 --- [https-jsse-nio-8443-exec-3] c.p.c.b.cryptography.CryptoUtility       : Cipher initialized for decryption mode.
2025-07-31T17:49:25.994+02:00 DEBUG 1228 --- [https-jsse-nio-8443-exec-3] c.p.c.b.cryptography.DecryptService      : Cipher text successfully decoded from Base64.
2025-07-31T17:49:25.994+02:00 DEBUG 1228 --- [https-jsse-nio-8443-exec-3] c.p.c.b.cryptography.DecryptService      : Cipher text successfully decrypted.
2025-07-31T17:49:25.994+02:00  INFO 1228 --- [https-jsse-nio-8443-exec-3] c.p.c.b.cryptography.DecryptService      : Decryption completed for client 'client1'.
2025-07-31T17:49:25.994+02:00  INFO 1228 --- [https-jsse-nio-8443-exec-3] c.p.cryptoservice.boundary.Controller    : Decryption successful for client 'client1'.

2025-07-31T17:49:25.999+02:00  INFO 1228 --- [https-jsse-nio-8443-exec-4] c.p.c.b.s.DynamicUserDetailsService      : ============================== /crypto/keys/generate Request from client1 ==============================

2025-07-31T17:49:26.000+02:00 DEBUG 1228 --- [https-jsse-nio-8443-exec-4] c.p.c.b.s.DynamicUserDetailsService      : User authentication attempt for CN='client1' on path '/crypto/keys/generate'
2025-07-31T17:49:26.000+02:00 DEBUG 1228 --- [https-jsse-nio-8443-exec-4] c.p.c.b.s.DynamicUserDetailsService      : Known client CN='client1' authenticated successfully.
2025-07-31T17:49:26.000+02:00  INFO 1228 --- [https-jsse-nio-8443-exec-4] c.p.cryptoservice.boundary.Controller    : Key generation requested by client 'client1'.
2025-07-31T17:49:26.001+02:00  INFO 1228 --- [https-jsse-nio-8443-exec-4] c.p.c.b.k.KeyManagementService           : Starting key generation for client 'client1'
2025-07-31T17:49:26.001+02:00 DEBUG 1228 --- [https-jsse-nio-8443-exec-4] c.p.c.b.keymanagement.ClientKeyRegistry  : Checking if client 'client1' exists: true
2025-07-31T17:49:26.001+02:00  WARN 1228 --- [https-jsse-nio-8443-exec-4] c.p.c.b.k.KeyManagementService           : Key generation skipped: Key already exists for client: 'client1'
2025-07-31T17:49:26.001+02:00  INFO 1228 --- [https-jsse-nio-8443-exec-4] c.p.cryptoservice.boundary.Controller    : Key successfully generated for client 'client1'.

2025-07-31T17:49:26.010+02:00  INFO 1228 --- [https-jsse-nio-8443-exec-5] c.p.c.b.s.DynamicUserDetailsService      : ============================== /crypto/jwt/generate Request from client1 ==============================

2025-07-31T17:49:26.010+02:00 DEBUG 1228 --- [https-jsse-nio-8443-exec-5] c.p.c.b.s.DynamicUserDetailsService      : User authentication attempt for CN='client1' on path '/crypto/jwt/generate'
2025-07-31T17:49:26.010+02:00 DEBUG 1228 --- [https-jsse-nio-8443-exec-5] c.p.c.b.s.DynamicUserDetailsService      : Known client CN='client1' authenticated successfully.
2025-07-31T17:49:26.012+02:00  INFO 1228 --- [https-jsse-nio-8443-exec-5] c.p.cryptoservice.boundary.Controller    : JWT generation requested by client 'client1'.
2025-07-31T17:49:26.012+02:00 DEBUG 1228 --- [https-jsse-nio-8443-exec-5] c.p.cryptoservice.boundary.Controller    : JWT request validated for client 'client1'.
2025-07-31T17:49:26.012+02:00 DEBUG 1228 --- [https-jsse-nio-8443-exec-5] c.p.c.b.keymanagement.ClientKeyRegistry  : Checking if client 'client1' exists: true
2025-07-31T17:49:26.012+02:00 DEBUG 1228 --- [https-jsse-nio-8443-exec-5] c.p.c.b.authorization.AuthService        : Authorization successful: Client is registered and authorized to request a JWT.
2025-07-31T17:49:26.012+02:00 DEBUG 1228 --- [https-jsse-nio-8443-exec-5] c.p.cryptoservice.boundary.Controller    : Authorization successful for JWT generation request by client 'client1'.
2025-07-31T17:49:26.012+02:00  INFO 1228 --- [https-jsse-nio-8443-exec-5] c.p.c.b.j.JwtManagementService           : Generating JWT for client 'client1'.
2025-07-31T17:49:26.012+02:00 DEBUG 1228 --- [https-jsse-nio-8443-exec-5] c.p.c.b.keymanagement.KeyStoreHelper     : Retrieving key (raw) for alias 'jwt-signing-key'
2025-07-31T17:49:26.012+02:00 DEBUG 1228 --- [https-jsse-nio-8443-exec-5] c.p.c.b.keymanagement.KeyStoreLoader     : Attempting to load keystore.
2025-07-31T17:49:26.021+02:00  INFO 1228 --- [https-jsse-nio-8443-exec-5] c.p.c.b.keymanagement.KeyStoreLoader     : Keystore successfully loaded.
2025-07-31T17:49:26.021+02:00 DEBUG 1228 --- [https-jsse-nio-8443-exec-5] c.p.c.b.keymanagement.KeyStoreLoader     : Successfully loaded keystore.
2025-07-31T17:49:26.022+02:00 DEBUG 1228 --- [https-jsse-nio-8443-exec-5] c.p.c.b.keymanagement.KeyStoreHelper     : Accessing KeyStore entry.
2025-07-31T17:49:26.056+02:00 DEBUG 1228 --- [https-jsse-nio-8443-exec-5] c.p.c.b.keymanagement.KeyStoreHelper     : KeyStore entry accessed successfully.
2025-07-31T17:49:26.056+02:00  INFO 1228 --- [https-jsse-nio-8443-exec-5] c.p.c.b.keymanagement.KeyStoreHelper     : Key successfully retrieved.
2025-07-31T17:49:26.057+02:00  INFO 1228 --- [https-jsse-nio-8443-exec-5] c.p.c.b.j.JwtManagementService           : JWT successfully generated for client 'client1'
2025-07-31T17:49:26.058+02:00  INFO 1228 --- [https-jsse-nio-8443-exec-5] c.p.cryptoservice.boundary.Controller    : JWT successfully generated for client 'client1'.

2025-07-31T17:49:26.064+02:00  INFO 1228 --- [https-jsse-nio-8443-exec-6] c.p.c.b.s.DynamicUserDetailsService      : ============================== /crypto/encrypt Request from client1 ==============================

2025-07-31T17:49:26.064+02:00 DEBUG 1228 --- [https-jsse-nio-8443-exec-6] c.p.c.b.s.DynamicUserDetailsService      : User authentication attempt for CN='client1' on path '/crypto/encrypt'
2025-07-31T17:49:26.064+02:00 DEBUG 1228 --- [https-jsse-nio-8443-exec-6] c.p.c.b.s.DynamicUserDetailsService      : Known client CN='client1' authenticated successfully.
2025-07-31T17:49:26.065+02:00  INFO 1228 --- [https-jsse-nio-8443-exec-6] c.p.cryptoservice.boundary.Controller    : Received encrypt request for client 'client1'.
2025-07-31T17:49:26.065+02:00 DEBUG 1228 --- [https-jsse-nio-8443-exec-6] c.p.c.b.keymanagement.KeyStoreHelper     : Retrieving key (raw) for alias 'jwt-signing-key'
2025-07-31T17:49:26.065+02:00 DEBUG 1228 --- [https-jsse-nio-8443-exec-6] c.p.c.b.keymanagement.KeyStoreLoader     : Attempting to load keystore.
2025-07-31T17:49:26.076+02:00  INFO 1228 --- [https-jsse-nio-8443-exec-6] c.p.c.b.keymanagement.KeyStoreLoader     : Keystore successfully loaded.
2025-07-31T17:49:26.076+02:00 DEBUG 1228 --- [https-jsse-nio-8443-exec-6] c.p.c.b.keymanagement.KeyStoreLoader     : Successfully loaded keystore.
2025-07-31T17:49:26.077+02:00 DEBUG 1228 --- [https-jsse-nio-8443-exec-6] c.p.c.b.keymanagement.KeyStoreHelper     : Accessing KeyStore entry.
2025-07-31T17:49:26.105+02:00 DEBUG 1228 --- [https-jsse-nio-8443-exec-6] c.p.c.b.keymanagement.KeyStoreHelper     : KeyStore entry accessed successfully.
2025-07-31T17:49:26.105+02:00  INFO 1228 --- [https-jsse-nio-8443-exec-6] c.p.c.b.keymanagement.KeyStoreHelper     : Key successfully retrieved.
2025-07-31T17:49:26.108+02:00 DEBUG 1228 --- [https-jsse-nio-8443-exec-6] c.p.cryptoservice.boundary.Controller    : Encrypt request validated for client 'client1'.
2025-07-31T17:49:26.108+02:00 DEBUG 1228 --- [https-jsse-nio-8443-exec-6] c.p.c.b.j.JwtManagementService           : Extracting issuedTo from JWT
2025-07-31T17:49:26.108+02:00 DEBUG 1228 --- [https-jsse-nio-8443-exec-6] c.p.c.b.keymanagement.KeyStoreHelper     : Retrieving key (raw) for alias 'jwt-signing-key'
2025-07-31T17:49:26.108+02:00 DEBUG 1228 --- [https-jsse-nio-8443-exec-6] c.p.c.b.keymanagement.KeyStoreLoader     : Attempting to load keystore.
2025-07-31T17:49:26.116+02:00  INFO 1228 --- [https-jsse-nio-8443-exec-6] c.p.c.b.keymanagement.KeyStoreLoader     : Keystore successfully loaded.
2025-07-31T17:49:26.116+02:00 DEBUG 1228 --- [https-jsse-nio-8443-exec-6] c.p.c.b.keymanagement.KeyStoreLoader     : Successfully loaded keystore.
2025-07-31T17:49:26.116+02:00 DEBUG 1228 --- [https-jsse-nio-8443-exec-6] c.p.c.b.keymanagement.KeyStoreHelper     : Accessing KeyStore entry.
2025-07-31T17:49:26.150+02:00 DEBUG 1228 --- [https-jsse-nio-8443-exec-6] c.p.c.b.keymanagement.KeyStoreHelper     : KeyStore entry accessed successfully.
2025-07-31T17:49:26.150+02:00  INFO 1228 --- [https-jsse-nio-8443-exec-6] c.p.c.b.keymanagement.KeyStoreHelper     : Key successfully retrieved.
2025-07-31T17:49:26.153+02:00 DEBUG 1228 --- [https-jsse-nio-8443-exec-6] c.p.c.b.j.JwtManagementService           : Extracted issuedTo successfully.
2025-07-31T17:49:26.156+02:00 DEBUG 1228 --- [https-jsse-nio-8443-exec-6] c.p.c.b.keymanagement.ClientKeyRegistry  : Checking if client 'client1' exists: true
2025-07-31T17:49:26.156+02:00 DEBUG 1228 --- [https-jsse-nio-8443-exec-6] c.p.c.b.authorization.AuthRegistry       : Granted access to keyAlias 'qv09d3ux6jm3mqjp6zlz9g' for client 'client1'
2025-07-31T17:49:26.157+02:00 DEBUG 1228 --- [https-jsse-nio-8443-exec-6] c.p.cryptoservice.boundary.Controller    : Authorization successful for encrypt request by client 'client1'.
2025-07-31T17:49:26.157+02:00  INFO 1228 --- [https-jsse-nio-8443-exec-6] c.p.c.b.cryptography.EncryptService      : Starting encryption process for client 'client1'.
2025-07-31T17:49:26.157+02:00 DEBUG 1228 --- [https-jsse-nio-8443-exec-6] c.p.c.b.j.JwtManagementService           : Extracting keyAlias from JWT
2025-07-31T17:49:26.157+02:00 DEBUG 1228 --- [https-jsse-nio-8443-exec-6] c.p.c.b.keymanagement.KeyStoreHelper     : Retrieving key (raw) for alias 'jwt-signing-key'
2025-07-31T17:49:26.157+02:00 DEBUG 1228 --- [https-jsse-nio-8443-exec-6] c.p.c.b.keymanagement.KeyStoreLoader     : Attempting to load keystore.
2025-07-31T17:49:26.166+02:00  INFO 1228 --- [https-jsse-nio-8443-exec-6] c.p.c.b.keymanagement.KeyStoreLoader     : Keystore successfully loaded.
2025-07-31T17:49:26.166+02:00 DEBUG 1228 --- [https-jsse-nio-8443-exec-6] c.p.c.b.keymanagement.KeyStoreLoader     : Successfully loaded keystore.
2025-07-31T17:49:26.166+02:00 DEBUG 1228 --- [https-jsse-nio-8443-exec-6] c.p.c.b.keymanagement.KeyStoreHelper     : Accessing KeyStore entry.
2025-07-31T17:49:26.196+02:00 DEBUG 1228 --- [https-jsse-nio-8443-exec-6] c.p.c.b.keymanagement.KeyStoreHelper     : KeyStore entry accessed successfully.
2025-07-31T17:49:26.196+02:00  INFO 1228 --- [https-jsse-nio-8443-exec-6] c.p.c.b.keymanagement.KeyStoreHelper     : Key successfully retrieved.
2025-07-31T17:49:26.197+02:00 DEBUG 1228 --- [https-jsse-nio-8443-exec-6] c.p.c.b.j.JwtManagementService           : Extracted keyAlias successfully.
2025-07-31T17:49:26.198+02:00 DEBUG 1228 --- [https-jsse-nio-8443-exec-6] c.p.c.b.j.JwtManagementService           : Extracting issuedTo from JWT
2025-07-31T17:49:26.198+02:00 DEBUG 1228 --- [https-jsse-nio-8443-exec-6] c.p.c.b.keymanagement.KeyStoreHelper     : Retrieving key (raw) for alias 'jwt-signing-key'
2025-07-31T17:49:26.198+02:00 DEBUG 1228 --- [https-jsse-nio-8443-exec-6] c.p.c.b.keymanagement.KeyStoreLoader     : Attempting to load keystore.
2025-07-31T17:49:26.210+02:00  INFO 1228 --- [https-jsse-nio-8443-exec-6] c.p.c.b.keymanagement.KeyStoreLoader     : Keystore successfully loaded.
2025-07-31T17:49:26.210+02:00 DEBUG 1228 --- [https-jsse-nio-8443-exec-6] c.p.c.b.keymanagement.KeyStoreLoader     : Successfully loaded keystore.
2025-07-31T17:49:26.211+02:00 DEBUG 1228 --- [https-jsse-nio-8443-exec-6] c.p.c.b.keymanagement.KeyStoreHelper     : Accessing KeyStore entry.
2025-07-31T17:49:26.246+02:00 DEBUG 1228 --- [https-jsse-nio-8443-exec-6] c.p.c.b.keymanagement.KeyStoreHelper     : KeyStore entry accessed successfully.
2025-07-31T17:49:26.246+02:00  INFO 1228 --- [https-jsse-nio-8443-exec-6] c.p.c.b.keymanagement.KeyStoreHelper     : Key successfully retrieved.
2025-07-31T17:49:26.248+02:00 DEBUG 1228 --- [https-jsse-nio-8443-exec-6] c.p.c.b.j.JwtManagementService           : Extracted issuedTo successfully.
2025-07-31T17:49:26.248+02:00 DEBUG 1228 --- [https-jsse-nio-8443-exec-6] c.p.c.b.keymanagement.KeyStoreHelper     : Retrieving and decrypting client key.
2025-07-31T17:49:26.249+02:00 DEBUG 1228 --- [https-jsse-nio-8443-exec-6] c.p.c.b.keymanagement.KeyStoreLoader     : Attempting to load keystore.
2025-07-31T17:49:26.257+02:00  INFO 1228 --- [https-jsse-nio-8443-exec-6] c.p.c.b.keymanagement.KeyStoreLoader     : Keystore successfully loaded.
2025-07-31T17:49:26.257+02:00 DEBUG 1228 --- [https-jsse-nio-8443-exec-6] c.p.c.b.keymanagement.KeyStoreLoader     : Successfully loaded keystore.
2025-07-31T17:49:26.257+02:00 DEBUG 1228 --- [https-jsse-nio-8443-exec-6] c.p.c.b.keymanagement.MasterKeyService   : Retrieving master key from KeyStore
2025-07-31T17:49:26.257+02:00 DEBUG 1228 --- [https-jsse-nio-8443-exec-6] c.p.c.b.keymanagement.KeyStoreLoader     : Attempting to load keystore.
2025-07-31T17:49:26.266+02:00  INFO 1228 --- [https-jsse-nio-8443-exec-6] c.p.c.b.keymanagement.KeyStoreLoader     : Keystore successfully loaded.
2025-07-31T17:49:26.266+02:00 DEBUG 1228 --- [https-jsse-nio-8443-exec-6] c.p.c.b.keymanagement.KeyStoreLoader     : Successfully loaded keystore.
2025-07-31T17:49:26.294+02:00  INFO 1228 --- [https-jsse-nio-8443-exec-6] c.p.c.b.keymanagement.MasterKeyService   : Master key successfully retrieved from KeyStore
2025-07-31T17:49:26.294+02:00 DEBUG 1228 --- [https-jsse-nio-8443-exec-6] c.p.c.b.keymanagement.KeyStoreHelper     : Accessing KeyStore entry.
2025-07-31T17:49:26.328+02:00 DEBUG 1228 --- [https-jsse-nio-8443-exec-6] c.p.c.b.keymanagement.KeyStoreHelper     : KeyStore entry accessed successfully.
2025-07-31T17:49:26.328+02:00 DEBUG 1228 --- [https-jsse-nio-8443-exec-6] c.p.c.b.k.ClientKeyEncryptor             : Decrypting client key with master key (AES unwrap)
2025-07-31T17:49:26.328+02:00  INFO 1228 --- [https-jsse-nio-8443-exec-6] c.p.c.b.k.ClientKeyEncryptor             : Client key successfully decrypted with master key
2025-07-31T17:49:26.328+02:00  INFO 1228 --- [https-jsse-nio-8443-exec-6] c.p.c.b.keymanagement.KeyStoreHelper     : Client key successfully retrieved and decrypted.
2025-07-31T17:49:26.329+02:00 DEBUG 1228 --- [https-jsse-nio-8443-exec-6] c.p.c.b.cryptography.EncryptService      : SecureRandom instance for IV generation successfully created.
2025-07-31T17:49:26.329+02:00  INFO 1228 --- [https-jsse-nio-8443-exec-6] c.p.c.b.keymanagement.ClientKeyRegistry  : Updated IV for client 'client1'
2025-07-31T17:49:26.329+02:00 DEBUG 1228 --- [https-jsse-nio-8443-exec-6] c.p.c.b.cryptography.CryptoUtility       : Cipher instance created with algorithm.
2025-07-31T17:49:26.329+02:00 DEBUG 1228 --- [https-jsse-nio-8443-exec-6] c.p.c.b.cryptography.CryptoUtility       : GCMParameterSpec created.
2025-07-31T17:49:26.329+02:00 DEBUG 1228 --- [https-jsse-nio-8443-exec-6] c.p.c.b.cryptography.CryptoUtility       : Cipher initialized for decryption mode.
2025-07-31T17:49:26.329+02:00 DEBUG 1228 --- [https-jsse-nio-8443-exec-6] c.p.c.b.cryptography.EncryptService      : Plaintext successfully encrypted.
2025-07-31T17:49:26.329+02:00  INFO 1228 --- [https-jsse-nio-8443-exec-6] c.p.c.b.cryptography.EncryptService      : Encryption completed successfully for client 'client1'.
2025-07-31T17:49:26.330+02:00  INFO 1228 --- [https-jsse-nio-8443-exec-6] c.p.cryptoservice.boundary.Controller    : Encryption successful for client 'client1'

2025-07-31T17:49:26.338+02:00  INFO 1228 --- [https-jsse-nio-8443-exec-7] c.p.c.b.s.DynamicUserDetailsService      : ============================== /crypto/decrypt Request from client1 ==============================

2025-07-31T17:49:26.338+02:00 DEBUG 1228 --- [https-jsse-nio-8443-exec-7] c.p.c.b.s.DynamicUserDetailsService      : User authentication attempt for CN='client1' on path '/crypto/decrypt'
2025-07-31T17:49:26.338+02:00 DEBUG 1228 --- [https-jsse-nio-8443-exec-7] c.p.c.b.s.DynamicUserDetailsService      : Known client CN='client1' authenticated successfully.
2025-07-31T17:49:26.340+02:00  INFO 1228 --- [https-jsse-nio-8443-exec-7] c.p.cryptoservice.boundary.Controller    : Received decrypt request for client 'client1'.
2025-07-31T17:49:26.340+02:00 DEBUG 1228 --- [https-jsse-nio-8443-exec-7] c.p.c.b.keymanagement.KeyStoreHelper     : Retrieving key (raw) for alias 'jwt-signing-key'
2025-07-31T17:49:26.340+02:00 DEBUG 1228 --- [https-jsse-nio-8443-exec-7] c.p.c.b.keymanagement.KeyStoreLoader     : Attempting to load keystore.
2025-07-31T17:49:26.349+02:00  INFO 1228 --- [https-jsse-nio-8443-exec-7] c.p.c.b.keymanagement.KeyStoreLoader     : Keystore successfully loaded.
2025-07-31T17:49:26.349+02:00 DEBUG 1228 --- [https-jsse-nio-8443-exec-7] c.p.c.b.keymanagement.KeyStoreLoader     : Successfully loaded keystore.
2025-07-31T17:49:26.349+02:00 DEBUG 1228 --- [https-jsse-nio-8443-exec-7] c.p.c.b.keymanagement.KeyStoreHelper     : Accessing KeyStore entry.
2025-07-31T17:49:26.382+02:00 DEBUG 1228 --- [https-jsse-nio-8443-exec-7] c.p.c.b.keymanagement.KeyStoreHelper     : KeyStore entry accessed successfully.
2025-07-31T17:49:26.383+02:00  INFO 1228 --- [https-jsse-nio-8443-exec-7] c.p.c.b.keymanagement.KeyStoreHelper     : Key successfully retrieved.
2025-07-31T17:49:26.385+02:00 DEBUG 1228 --- [https-jsse-nio-8443-exec-7] c.p.cryptoservice.boundary.Controller    : Decrypt request validated for client 'client1'.
2025-07-31T17:49:26.385+02:00 DEBUG 1228 --- [https-jsse-nio-8443-exec-7] c.p.c.b.j.JwtManagementService           : Extracting issuedTo from JWT
2025-07-31T17:49:26.385+02:00 DEBUG 1228 --- [https-jsse-nio-8443-exec-7] c.p.c.b.keymanagement.KeyStoreHelper     : Retrieving key (raw) for alias 'jwt-signing-key'
2025-07-31T17:49:26.385+02:00 DEBUG 1228 --- [https-jsse-nio-8443-exec-7] c.p.c.b.keymanagement.KeyStoreLoader     : Attempting to load keystore.
2025-07-31T17:49:26.394+02:00  INFO 1228 --- [https-jsse-nio-8443-exec-7] c.p.c.b.keymanagement.KeyStoreLoader     : Keystore successfully loaded.
2025-07-31T17:49:26.395+02:00 DEBUG 1228 --- [https-jsse-nio-8443-exec-7] c.p.c.b.keymanagement.KeyStoreLoader     : Successfully loaded keystore.
2025-07-31T17:49:26.395+02:00 DEBUG 1228 --- [https-jsse-nio-8443-exec-7] c.p.c.b.keymanagement.KeyStoreHelper     : Accessing KeyStore entry.
2025-07-31T17:49:26.427+02:00 DEBUG 1228 --- [https-jsse-nio-8443-exec-7] c.p.c.b.keymanagement.KeyStoreHelper     : KeyStore entry accessed successfully.
2025-07-31T17:49:26.427+02:00  INFO 1228 --- [https-jsse-nio-8443-exec-7] c.p.c.b.keymanagement.KeyStoreHelper     : Key successfully retrieved.
2025-07-31T17:49:26.429+02:00 DEBUG 1228 --- [https-jsse-nio-8443-exec-7] c.p.c.b.j.JwtManagementService           : Extracted issuedTo successfully.
2025-07-31T17:49:26.429+02:00 DEBUG 1228 --- [https-jsse-nio-8443-exec-7] c.p.c.b.j.JwtManagementService           : Extracting keyAlias from JWT
2025-07-31T17:49:26.429+02:00 DEBUG 1228 --- [https-jsse-nio-8443-exec-7] c.p.c.b.keymanagement.KeyStoreHelper     : Retrieving key (raw) for alias 'jwt-signing-key'
2025-07-31T17:49:26.429+02:00 DEBUG 1228 --- [https-jsse-nio-8443-exec-7] c.p.c.b.keymanagement.KeyStoreLoader     : Attempting to load keystore.
2025-07-31T17:49:26.438+02:00  INFO 1228 --- [https-jsse-nio-8443-exec-7] c.p.c.b.keymanagement.KeyStoreLoader     : Keystore successfully loaded.
2025-07-31T17:49:26.438+02:00 DEBUG 1228 --- [https-jsse-nio-8443-exec-7] c.p.c.b.keymanagement.KeyStoreLoader     : Successfully loaded keystore.
2025-07-31T17:49:26.438+02:00 DEBUG 1228 --- [https-jsse-nio-8443-exec-7] c.p.c.b.keymanagement.KeyStoreHelper     : Accessing KeyStore entry.
2025-07-31T17:49:26.476+02:00 DEBUG 1228 --- [https-jsse-nio-8443-exec-7] c.p.c.b.keymanagement.KeyStoreHelper     : KeyStore entry accessed successfully.
2025-07-31T17:49:26.476+02:00  INFO 1228 --- [https-jsse-nio-8443-exec-7] c.p.c.b.keymanagement.KeyStoreHelper     : Key successfully retrieved.
2025-07-31T17:49:26.479+02:00 DEBUG 1228 --- [https-jsse-nio-8443-exec-7] c.p.c.b.j.JwtManagementService           : Extracted keyAlias successfully.
2025-07-31T17:49:26.479+02:00 DEBUG 1228 --- [https-jsse-nio-8443-exec-7] c.p.c.b.keymanagement.ClientKeyRegistry  : Checking if key alias 'qv09d3ux6jm3mqjp6zlz9g' exists: true
2025-07-31T17:49:26.479+02:00 DEBUG 1228 --- [https-jsse-nio-8443-exec-7] c.p.c.b.authorization.AuthRegistry       : Revoked access to keyAlias 'qv09d3ux6jm3mqjp6zlz9g' for client 'client1'
2025-07-31T17:49:26.479+02:00 DEBUG 1228 --- [https-jsse-nio-8443-exec-7] c.p.cryptoservice.boundary.Controller    : Authorization successful for decrypt request by client 'client1'.
2025-07-31T17:49:26.479+02:00  INFO 1228 --- [https-jsse-nio-8443-exec-7] c.p.c.b.cryptography.DecryptService      : Starting decryption for client 'client1'.
2025-07-31T17:49:26.479+02:00 DEBUG 1228 --- [https-jsse-nio-8443-exec-7] c.p.c.b.j.JwtManagementService           : Extracting keyAlias from JWT
2025-07-31T17:49:26.479+02:00 DEBUG 1228 --- [https-jsse-nio-8443-exec-7] c.p.c.b.keymanagement.KeyStoreHelper     : Retrieving key (raw) for alias 'jwt-signing-key'
2025-07-31T17:49:26.479+02:00 DEBUG 1228 --- [https-jsse-nio-8443-exec-7] c.p.c.b.keymanagement.KeyStoreLoader     : Attempting to load keystore.
2025-07-31T17:49:26.488+02:00  INFO 1228 --- [https-jsse-nio-8443-exec-7] c.p.c.b.keymanagement.KeyStoreLoader     : Keystore successfully loaded.
2025-07-31T17:49:26.488+02:00 DEBUG 1228 --- [https-jsse-nio-8443-exec-7] c.p.c.b.keymanagement.KeyStoreLoader     : Successfully loaded keystore.
2025-07-31T17:49:26.488+02:00 DEBUG 1228 --- [https-jsse-nio-8443-exec-7] c.p.c.b.keymanagement.KeyStoreHelper     : Accessing KeyStore entry.
2025-07-31T17:49:26.517+02:00 DEBUG 1228 --- [https-jsse-nio-8443-exec-7] c.p.c.b.keymanagement.KeyStoreHelper     : KeyStore entry accessed successfully.
2025-07-31T17:49:26.517+02:00  INFO 1228 --- [https-jsse-nio-8443-exec-7] c.p.c.b.keymanagement.KeyStoreHelper     : Key successfully retrieved.
2025-07-31T17:49:26.519+02:00 DEBUG 1228 --- [https-jsse-nio-8443-exec-7] c.p.c.b.j.JwtManagementService           : Extracted keyAlias successfully.
2025-07-31T17:49:26.522+02:00 DEBUG 1228 --- [https-jsse-nio-8443-exec-7] c.p.c.b.keymanagement.KeyStoreHelper     : Retrieving and decrypting client key.
2025-07-31T17:49:26.523+02:00 DEBUG 1228 --- [https-jsse-nio-8443-exec-7] c.p.c.b.keymanagement.KeyStoreLoader     : Attempting to load keystore.
2025-07-31T17:49:26.531+02:00  INFO 1228 --- [https-jsse-nio-8443-exec-7] c.p.c.b.keymanagement.KeyStoreLoader     : Keystore successfully loaded.
2025-07-31T17:49:26.532+02:00 DEBUG 1228 --- [https-jsse-nio-8443-exec-7] c.p.c.b.keymanagement.KeyStoreLoader     : Successfully loaded keystore.
2025-07-31T17:49:26.532+02:00 DEBUG 1228 --- [https-jsse-nio-8443-exec-7] c.p.c.b.keymanagement.MasterKeyService   : Retrieving master key from KeyStore
2025-07-31T17:49:26.532+02:00 DEBUG 1228 --- [https-jsse-nio-8443-exec-7] c.p.c.b.keymanagement.KeyStoreLoader     : Attempting to load keystore.
2025-07-31T17:49:26.544+02:00  INFO 1228 --- [https-jsse-nio-8443-exec-7] c.p.c.b.keymanagement.KeyStoreLoader     : Keystore successfully loaded.
2025-07-31T17:49:26.544+02:00 DEBUG 1228 --- [https-jsse-nio-8443-exec-7] c.p.c.b.keymanagement.KeyStoreLoader     : Successfully loaded keystore.
2025-07-31T17:49:26.584+02:00  INFO 1228 --- [https-jsse-nio-8443-exec-7] c.p.c.b.keymanagement.MasterKeyService   : Master key successfully retrieved from KeyStore
2025-07-31T17:49:26.584+02:00 DEBUG 1228 --- [https-jsse-nio-8443-exec-7] c.p.c.b.keymanagement.KeyStoreHelper     : Accessing KeyStore entry.
2025-07-31T17:49:26.613+02:00 DEBUG 1228 --- [https-jsse-nio-8443-exec-7] c.p.c.b.keymanagement.KeyStoreHelper     : KeyStore entry accessed successfully.
2025-07-31T17:49:26.613+02:00 DEBUG 1228 --- [https-jsse-nio-8443-exec-7] c.p.c.b.k.ClientKeyEncryptor             : Decrypting client key with master key (AES unwrap)
2025-07-31T17:49:26.614+02:00  INFO 1228 --- [https-jsse-nio-8443-exec-7] c.p.c.b.k.ClientKeyEncryptor             : Client key successfully decrypted with master key
2025-07-31T17:49:26.614+02:00  INFO 1228 --- [https-jsse-nio-8443-exec-7] c.p.c.b.keymanagement.KeyStoreHelper     : Client key successfully retrieved and decrypted.
2025-07-31T17:49:26.614+02:00 DEBUG 1228 --- [https-jsse-nio-8443-exec-7] c.p.c.b.cryptography.CryptoUtility       : Cipher instance created with algorithm.
2025-07-31T17:49:26.614+02:00 DEBUG 1228 --- [https-jsse-nio-8443-exec-7] c.p.c.b.cryptography.CryptoUtility       : GCMParameterSpec created.
2025-07-31T17:49:26.614+02:00 DEBUG 1228 --- [https-jsse-nio-8443-exec-7] c.p.c.b.cryptography.CryptoUtility       : Cipher initialized for decryption mode.
2025-07-31T17:49:26.614+02:00 DEBUG 1228 --- [https-jsse-nio-8443-exec-7] c.p.c.b.cryptography.DecryptService      : Cipher text successfully decoded from Base64.
2025-07-31T17:49:26.614+02:00 DEBUG 1228 --- [https-jsse-nio-8443-exec-7] c.p.c.b.cryptography.DecryptService      : Cipher text successfully decrypted.
2025-07-31T17:49:26.614+02:00  INFO 1228 --- [https-jsse-nio-8443-exec-7] c.p.c.b.cryptography.DecryptService      : Decryption completed for client 'client1'.
2025-07-31T17:49:26.615+02:00  INFO 1228 --- [https-jsse-nio-8443-exec-7] c.p.cryptoservice.boundary.Controller    : Decryption successful for client 'client1'.

2025-07-31T17:49:26.625+02:00  INFO 1228 --- [https-jsse-nio-8443-exec-8] c.p.c.b.s.DynamicUserDetailsService      : ============================== /crypto/keys/generate Request from client2 ==============================

2025-07-31T17:49:26.626+02:00 DEBUG 1228 --- [https-jsse-nio-8443-exec-8] c.p.c.b.s.DynamicUserDetailsService      : User authentication attempt for CN='client2' on path '/crypto/keys/generate'
2025-07-31T17:49:26.627+02:00 DEBUG 1228 --- [https-jsse-nio-8443-exec-8] c.p.c.b.s.DynamicUserDetailsService      : Known client CN='client2' authenticated successfully.
2025-07-31T17:49:26.628+02:00  INFO 1228 --- [https-jsse-nio-8443-exec-8] c.p.cryptoservice.boundary.Controller    : Key generation requested by client 'client2'.
2025-07-31T17:49:26.628+02:00  INFO 1228 --- [https-jsse-nio-8443-exec-8] c.p.c.b.k.KeyManagementService           : Starting key generation for client 'client2'
2025-07-31T17:49:26.628+02:00 DEBUG 1228 --- [https-jsse-nio-8443-exec-8] c.p.c.b.keymanagement.ClientKeyRegistry  : Checking if client 'client2' exists: true
2025-07-31T17:49:26.628+02:00  WARN 1228 --- [https-jsse-nio-8443-exec-8] c.p.c.b.k.KeyManagementService           : Key generation skipped: Key already exists for client: 'client2'
2025-07-31T17:49:26.628+02:00  INFO 1228 --- [https-jsse-nio-8443-exec-8] c.p.cryptoservice.boundary.Controller    : Key successfully generated for client 'client2'.

2025-07-31T17:49:26.637+02:00  INFO 1228 --- [https-jsse-nio-8443-exec-9] c.p.c.b.s.DynamicUserDetailsService      : ============================== /crypto/jwt/generate Request from client2 ==============================

2025-07-31T17:49:26.637+02:00 DEBUG 1228 --- [https-jsse-nio-8443-exec-9] c.p.c.b.s.DynamicUserDetailsService      : User authentication attempt for CN='client2' on path '/crypto/jwt/generate'
2025-07-31T17:49:26.637+02:00 DEBUG 1228 --- [https-jsse-nio-8443-exec-9] c.p.c.b.s.DynamicUserDetailsService      : Known client CN='client2' authenticated successfully.
2025-07-31T17:49:26.639+02:00  INFO 1228 --- [https-jsse-nio-8443-exec-9] c.p.cryptoservice.boundary.Controller    : JWT generation requested by client 'client2'.
2025-07-31T17:49:26.639+02:00 DEBUG 1228 --- [https-jsse-nio-8443-exec-9] c.p.cryptoservice.boundary.Controller    : JWT request validated for client 'client2'.
2025-07-31T17:49:26.639+02:00 DEBUG 1228 --- [https-jsse-nio-8443-exec-9] c.p.c.b.keymanagement.ClientKeyRegistry  : Checking if client 'client2' exists: true
2025-07-31T17:49:26.640+02:00 DEBUG 1228 --- [https-jsse-nio-8443-exec-9] c.p.c.b.authorization.AuthService        : Authorization successful: Client is registered and authorized to request a JWT.
2025-07-31T17:49:26.640+02:00 DEBUG 1228 --- [https-jsse-nio-8443-exec-9] c.p.cryptoservice.boundary.Controller    : Authorization successful for JWT generation request by client 'client2'.
2025-07-31T17:49:26.640+02:00  INFO 1228 --- [https-jsse-nio-8443-exec-9] c.p.c.b.j.JwtManagementService           : Generating JWT for client 'client2'.
2025-07-31T17:49:26.640+02:00 DEBUG 1228 --- [https-jsse-nio-8443-exec-9] c.p.c.b.keymanagement.KeyStoreHelper     : Retrieving key (raw) for alias 'jwt-signing-key'
2025-07-31T17:49:26.640+02:00 DEBUG 1228 --- [https-jsse-nio-8443-exec-9] c.p.c.b.keymanagement.KeyStoreLoader     : Attempting to load keystore.
2025-07-31T17:49:26.648+02:00  INFO 1228 --- [https-jsse-nio-8443-exec-9] c.p.c.b.keymanagement.KeyStoreLoader     : Keystore successfully loaded.
2025-07-31T17:49:26.649+02:00 DEBUG 1228 --- [https-jsse-nio-8443-exec-9] c.p.c.b.keymanagement.KeyStoreLoader     : Successfully loaded keystore.
2025-07-31T17:49:26.649+02:00 DEBUG 1228 --- [https-jsse-nio-8443-exec-9] c.p.c.b.keymanagement.KeyStoreHelper     : Accessing KeyStore entry.
2025-07-31T17:49:26.684+02:00 DEBUG 1228 --- [https-jsse-nio-8443-exec-9] c.p.c.b.keymanagement.KeyStoreHelper     : KeyStore entry accessed successfully.
2025-07-31T17:49:26.684+02:00  INFO 1228 --- [https-jsse-nio-8443-exec-9] c.p.c.b.keymanagement.KeyStoreHelper     : Key successfully retrieved.
2025-07-31T17:49:26.686+02:00  INFO 1228 --- [https-jsse-nio-8443-exec-9] c.p.c.b.j.JwtManagementService           : JWT successfully generated for client 'client2'
2025-07-31T17:49:26.686+02:00  INFO 1228 --- [https-jsse-nio-8443-exec-9] c.p.cryptoservice.boundary.Controller    : JWT successfully generated for client 'client2'.

2025-07-31T17:49:26.693+02:00  INFO 1228 --- [https-jsse-nio-8443-exec-10] c.p.c.b.s.DynamicUserDetailsService      : ============================== /crypto/encrypt Request from client2 ==============================

2025-07-31T17:49:26.693+02:00 DEBUG 1228 --- [https-jsse-nio-8443-exec-10] c.p.c.b.s.DynamicUserDetailsService      : User authentication attempt for CN='client2' on path '/crypto/encrypt'
2025-07-31T17:49:26.693+02:00 DEBUG 1228 --- [https-jsse-nio-8443-exec-10] c.p.c.b.s.DynamicUserDetailsService      : Known client CN='client2' authenticated successfully.
2025-07-31T17:49:26.694+02:00  INFO 1228 --- [https-jsse-nio-8443-exec-10] c.p.cryptoservice.boundary.Controller    : Received encrypt request for client 'client2'.
2025-07-31T17:49:26.694+02:00 DEBUG 1228 --- [https-jsse-nio-8443-exec-10] c.p.c.b.keymanagement.KeyStoreHelper     : Retrieving key (raw) for alias 'jwt-signing-key'
2025-07-31T17:49:26.694+02:00 DEBUG 1228 --- [https-jsse-nio-8443-exec-10] c.p.c.b.keymanagement.KeyStoreLoader     : Attempting to load keystore.
2025-07-31T17:49:26.705+02:00  INFO 1228 --- [https-jsse-nio-8443-exec-10] c.p.c.b.keymanagement.KeyStoreLoader     : Keystore successfully loaded.
2025-07-31T17:49:26.706+02:00 DEBUG 1228 --- [https-jsse-nio-8443-exec-10] c.p.c.b.keymanagement.KeyStoreLoader     : Successfully loaded keystore.
2025-07-31T17:49:26.706+02:00 DEBUG 1228 --- [https-jsse-nio-8443-exec-10] c.p.c.b.keymanagement.KeyStoreHelper     : Accessing KeyStore entry.
2025-07-31T17:49:26.734+02:00 DEBUG 1228 --- [https-jsse-nio-8443-exec-10] c.p.c.b.keymanagement.KeyStoreHelper     : KeyStore entry accessed successfully.
2025-07-31T17:49:26.736+02:00  INFO 1228 --- [https-jsse-nio-8443-exec-10] c.p.c.b.keymanagement.KeyStoreHelper     : Key successfully retrieved.
2025-07-31T17:49:26.738+02:00 DEBUG 1228 --- [https-jsse-nio-8443-exec-10] c.p.cryptoservice.boundary.Controller    : Encrypt request validated for client 'client2'.
2025-07-31T17:49:26.738+02:00 DEBUG 1228 --- [https-jsse-nio-8443-exec-10] c.p.c.b.j.JwtManagementService           : Extracting issuedTo from JWT
2025-07-31T17:49:26.738+02:00 DEBUG 1228 --- [https-jsse-nio-8443-exec-10] c.p.c.b.keymanagement.KeyStoreHelper     : Retrieving key (raw) for alias 'jwt-signing-key'
2025-07-31T17:49:26.738+02:00 DEBUG 1228 --- [https-jsse-nio-8443-exec-10] c.p.c.b.keymanagement.KeyStoreLoader     : Attempting to load keystore.
2025-07-31T17:49:26.747+02:00  INFO 1228 --- [https-jsse-nio-8443-exec-10] c.p.c.b.keymanagement.KeyStoreLoader     : Keystore successfully loaded.
2025-07-31T17:49:26.747+02:00 DEBUG 1228 --- [https-jsse-nio-8443-exec-10] c.p.c.b.keymanagement.KeyStoreLoader     : Successfully loaded keystore.
2025-07-31T17:49:26.747+02:00 DEBUG 1228 --- [https-jsse-nio-8443-exec-10] c.p.c.b.keymanagement.KeyStoreHelper     : Accessing KeyStore entry.
2025-07-31T17:49:26.778+02:00 DEBUG 1228 --- [https-jsse-nio-8443-exec-10] c.p.c.b.keymanagement.KeyStoreHelper     : KeyStore entry accessed successfully.
2025-07-31T17:49:26.778+02:00  INFO 1228 --- [https-jsse-nio-8443-exec-10] c.p.c.b.keymanagement.KeyStoreHelper     : Key successfully retrieved.
2025-07-31T17:49:26.780+02:00 DEBUG 1228 --- [https-jsse-nio-8443-exec-10] c.p.c.b.j.JwtManagementService           : Extracted issuedTo successfully.
2025-07-31T17:49:26.780+02:00 DEBUG 1228 --- [https-jsse-nio-8443-exec-10] c.p.c.b.keymanagement.ClientKeyRegistry  : Checking if client 'client2' exists: true
2025-07-31T17:49:26.780+02:00 DEBUG 1228 --- [https-jsse-nio-8443-exec-10] c.p.c.b.authorization.AuthRegistry       : Granted access to keyAlias 'c5mifh7m2qtoiaxpffn5ia' for client 'client2'
2025-07-31T17:49:26.780+02:00 DEBUG 1228 --- [https-jsse-nio-8443-exec-10] c.p.cryptoservice.boundary.Controller    : Authorization successful for encrypt request by client 'client2'.
2025-07-31T17:49:26.780+02:00  INFO 1228 --- [https-jsse-nio-8443-exec-10] c.p.c.b.cryptography.EncryptService      : Starting encryption process for client 'client2'.
2025-07-31T17:49:26.780+02:00 DEBUG 1228 --- [https-jsse-nio-8443-exec-10] c.p.c.b.j.JwtManagementService           : Extracting keyAlias from JWT
2025-07-31T17:49:26.780+02:00 DEBUG 1228 --- [https-jsse-nio-8443-exec-10] c.p.c.b.keymanagement.KeyStoreHelper     : Retrieving key (raw) for alias 'jwt-signing-key'
2025-07-31T17:49:26.780+02:00 DEBUG 1228 --- [https-jsse-nio-8443-exec-10] c.p.c.b.keymanagement.KeyStoreLoader     : Attempting to load keystore.
2025-07-31T17:49:26.788+02:00  INFO 1228 --- [https-jsse-nio-8443-exec-10] c.p.c.b.keymanagement.KeyStoreLoader     : Keystore successfully loaded.
2025-07-31T17:49:26.789+02:00 DEBUG 1228 --- [https-jsse-nio-8443-exec-10] c.p.c.b.keymanagement.KeyStoreLoader     : Successfully loaded keystore.
2025-07-31T17:49:26.789+02:00 DEBUG 1228 --- [https-jsse-nio-8443-exec-10] c.p.c.b.keymanagement.KeyStoreHelper     : Accessing KeyStore entry.
2025-07-31T17:49:26.820+02:00 DEBUG 1228 --- [https-jsse-nio-8443-exec-10] c.p.c.b.keymanagement.KeyStoreHelper     : KeyStore entry accessed successfully.
2025-07-31T17:49:26.821+02:00  INFO 1228 --- [https-jsse-nio-8443-exec-10] c.p.c.b.keymanagement.KeyStoreHelper     : Key successfully retrieved.
2025-07-31T17:49:26.823+02:00 DEBUG 1228 --- [https-jsse-nio-8443-exec-10] c.p.c.b.j.JwtManagementService           : Extracted keyAlias successfully.
2025-07-31T17:49:26.824+02:00 DEBUG 1228 --- [https-jsse-nio-8443-exec-10] c.p.c.b.j.JwtManagementService           : Extracting issuedTo from JWT
2025-07-31T17:49:26.824+02:00 DEBUG 1228 --- [https-jsse-nio-8443-exec-10] c.p.c.b.keymanagement.KeyStoreHelper     : Retrieving key (raw) for alias 'jwt-signing-key'
2025-07-31T17:49:26.824+02:00 DEBUG 1228 --- [https-jsse-nio-8443-exec-10] c.p.c.b.keymanagement.KeyStoreLoader     : Attempting to load keystore.
2025-07-31T17:49:26.832+02:00  INFO 1228 --- [https-jsse-nio-8443-exec-10] c.p.c.b.keymanagement.KeyStoreLoader     : Keystore successfully loaded.
2025-07-31T17:49:26.832+02:00 DEBUG 1228 --- [https-jsse-nio-8443-exec-10] c.p.c.b.keymanagement.KeyStoreLoader     : Successfully loaded keystore.
2025-07-31T17:49:26.832+02:00 DEBUG 1228 --- [https-jsse-nio-8443-exec-10] c.p.c.b.keymanagement.KeyStoreHelper     : Accessing KeyStore entry.
2025-07-31T17:49:26.866+02:00 DEBUG 1228 --- [https-jsse-nio-8443-exec-10] c.p.c.b.keymanagement.KeyStoreHelper     : KeyStore entry accessed successfully.
2025-07-31T17:49:26.866+02:00  INFO 1228 --- [https-jsse-nio-8443-exec-10] c.p.c.b.keymanagement.KeyStoreHelper     : Key successfully retrieved.
2025-07-31T17:49:26.868+02:00 DEBUG 1228 --- [https-jsse-nio-8443-exec-10] c.p.c.b.j.JwtManagementService           : Extracted issuedTo successfully.
2025-07-31T17:49:26.871+02:00 DEBUG 1228 --- [https-jsse-nio-8443-exec-10] c.p.c.b.keymanagement.KeyStoreHelper     : Retrieving and decrypting client key.
2025-07-31T17:49:26.873+02:00 DEBUG 1228 --- [https-jsse-nio-8443-exec-10] c.p.c.b.keymanagement.KeyStoreLoader     : Attempting to load keystore.
2025-07-31T17:49:26.883+02:00  INFO 1228 --- [https-jsse-nio-8443-exec-10] c.p.c.b.keymanagement.KeyStoreLoader     : Keystore successfully loaded.
2025-07-31T17:49:26.883+02:00 DEBUG 1228 --- [https-jsse-nio-8443-exec-10] c.p.c.b.keymanagement.KeyStoreLoader     : Successfully loaded keystore.
2025-07-31T17:49:26.883+02:00 DEBUG 1228 --- [https-jsse-nio-8443-exec-10] c.p.c.b.keymanagement.MasterKeyService   : Retrieving master key from KeyStore
2025-07-31T17:49:26.883+02:00 DEBUG 1228 --- [https-jsse-nio-8443-exec-10] c.p.c.b.keymanagement.KeyStoreLoader     : Attempting to load keystore.
2025-07-31T17:49:26.893+02:00  INFO 1228 --- [https-jsse-nio-8443-exec-10] c.p.c.b.keymanagement.KeyStoreLoader     : Keystore successfully loaded.
2025-07-31T17:49:26.893+02:00 DEBUG 1228 --- [https-jsse-nio-8443-exec-10] c.p.c.b.keymanagement.KeyStoreLoader     : Successfully loaded keystore.
2025-07-31T17:49:26.921+02:00  INFO 1228 --- [https-jsse-nio-8443-exec-10] c.p.c.b.keymanagement.MasterKeyService   : Master key successfully retrieved from KeyStore
2025-07-31T17:49:26.921+02:00 DEBUG 1228 --- [https-jsse-nio-8443-exec-10] c.p.c.b.keymanagement.KeyStoreHelper     : Accessing KeyStore entry.
2025-07-31T17:49:26.957+02:00 DEBUG 1228 --- [https-jsse-nio-8443-exec-10] c.p.c.b.keymanagement.KeyStoreHelper     : KeyStore entry accessed successfully.
2025-07-31T17:49:26.957+02:00 DEBUG 1228 --- [https-jsse-nio-8443-exec-10] c.p.c.b.k.ClientKeyEncryptor             : Decrypting client key with master key (AES unwrap)
2025-07-31T17:49:26.958+02:00  INFO 1228 --- [https-jsse-nio-8443-exec-10] c.p.c.b.k.ClientKeyEncryptor             : Client key successfully decrypted with master key
2025-07-31T17:49:26.958+02:00  INFO 1228 --- [https-jsse-nio-8443-exec-10] c.p.c.b.keymanagement.KeyStoreHelper     : Client key successfully retrieved and decrypted.
2025-07-31T17:49:26.958+02:00 DEBUG 1228 --- [https-jsse-nio-8443-exec-10] c.p.c.b.cryptography.EncryptService      : SecureRandom instance for IV generation successfully created.
2025-07-31T17:49:26.958+02:00  INFO 1228 --- [https-jsse-nio-8443-exec-10] c.p.c.b.keymanagement.ClientKeyRegistry  : Updated IV for client 'client2'
2025-07-31T17:49:26.958+02:00 DEBUG 1228 --- [https-jsse-nio-8443-exec-10] c.p.c.b.cryptography.CryptoUtility       : Cipher instance created with algorithm.
2025-07-31T17:49:26.958+02:00 DEBUG 1228 --- [https-jsse-nio-8443-exec-10] c.p.c.b.cryptography.CryptoUtility       : GCMParameterSpec created.
2025-07-31T17:49:26.958+02:00 DEBUG 1228 --- [https-jsse-nio-8443-exec-10] c.p.c.b.cryptography.CryptoUtility       : Cipher initialized for decryption mode.
2025-07-31T17:49:26.958+02:00 DEBUG 1228 --- [https-jsse-nio-8443-exec-10] c.p.c.b.cryptography.EncryptService      : Plaintext successfully encrypted.
2025-07-31T17:49:26.959+02:00  INFO 1228 --- [https-jsse-nio-8443-exec-10] c.p.c.b.cryptography.EncryptService      : Encryption completed successfully for client 'client2'.
2025-07-31T17:49:26.959+02:00  INFO 1228 --- [https-jsse-nio-8443-exec-10] c.p.cryptoservice.boundary.Controller    : Encryption successful for client 'client2'

2025-07-31T17:49:26.966+02:00  INFO 1228 --- [https-jsse-nio-8443-exec-2] c.p.c.b.s.DynamicUserDetailsService      : ============================== /crypto/decrypt Request from client2 ==============================

2025-07-31T17:49:26.966+02:00 DEBUG 1228 --- [https-jsse-nio-8443-exec-2] c.p.c.b.s.DynamicUserDetailsService      : User authentication attempt for CN='client2' on path '/crypto/decrypt'
2025-07-31T17:49:26.966+02:00 DEBUG 1228 --- [https-jsse-nio-8443-exec-2] c.p.c.b.s.DynamicUserDetailsService      : Known client CN='client2' authenticated successfully.
2025-07-31T17:49:26.967+02:00  INFO 1228 --- [https-jsse-nio-8443-exec-2] c.p.cryptoservice.boundary.Controller    : Received decrypt request for client 'client2'.
2025-07-31T17:49:26.967+02:00 DEBUG 1228 --- [https-jsse-nio-8443-exec-2] c.p.c.b.keymanagement.KeyStoreHelper     : Retrieving key (raw) for alias 'jwt-signing-key'
2025-07-31T17:49:26.968+02:00 DEBUG 1228 --- [https-jsse-nio-8443-exec-2] c.p.c.b.keymanagement.KeyStoreLoader     : Attempting to load keystore.
2025-07-31T17:49:26.976+02:00  INFO 1228 --- [https-jsse-nio-8443-exec-2] c.p.c.b.keymanagement.KeyStoreLoader     : Keystore successfully loaded.
2025-07-31T17:49:26.977+02:00 DEBUG 1228 --- [https-jsse-nio-8443-exec-2] c.p.c.b.keymanagement.KeyStoreLoader     : Successfully loaded keystore.
2025-07-31T17:49:26.977+02:00 DEBUG 1228 --- [https-jsse-nio-8443-exec-2] c.p.c.b.keymanagement.KeyStoreHelper     : Accessing KeyStore entry.
2025-07-31T17:49:27.007+02:00 DEBUG 1228 --- [https-jsse-nio-8443-exec-2] c.p.c.b.keymanagement.KeyStoreHelper     : KeyStore entry accessed successfully.
2025-07-31T17:49:27.008+02:00  INFO 1228 --- [https-jsse-nio-8443-exec-2] c.p.c.b.keymanagement.KeyStoreHelper     : Key successfully retrieved.
2025-07-31T17:49:27.009+02:00 DEBUG 1228 --- [https-jsse-nio-8443-exec-2] c.p.cryptoservice.boundary.Controller    : Decrypt request validated for client 'client2'.
2025-07-31T17:49:27.010+02:00 DEBUG 1228 --- [https-jsse-nio-8443-exec-2] c.p.c.b.j.JwtManagementService           : Extracting issuedTo from JWT
2025-07-31T17:49:27.010+02:00 DEBUG 1228 --- [https-jsse-nio-8443-exec-2] c.p.c.b.keymanagement.KeyStoreHelper     : Retrieving key (raw) for alias 'jwt-signing-key'
2025-07-31T17:49:27.010+02:00 DEBUG 1228 --- [https-jsse-nio-8443-exec-2] c.p.c.b.keymanagement.KeyStoreLoader     : Attempting to load keystore.
2025-07-31T17:49:27.018+02:00  INFO 1228 --- [https-jsse-nio-8443-exec-2] c.p.c.b.keymanagement.KeyStoreLoader     : Keystore successfully loaded.
2025-07-31T17:49:27.018+02:00 DEBUG 1228 --- [https-jsse-nio-8443-exec-2] c.p.c.b.keymanagement.KeyStoreLoader     : Successfully loaded keystore.
2025-07-31T17:49:27.018+02:00 DEBUG 1228 --- [https-jsse-nio-8443-exec-2] c.p.c.b.keymanagement.KeyStoreHelper     : Accessing KeyStore entry.
2025-07-31T17:49:27.055+02:00 DEBUG 1228 --- [https-jsse-nio-8443-exec-2] c.p.c.b.keymanagement.KeyStoreHelper     : KeyStore entry accessed successfully.
2025-07-31T17:49:27.055+02:00  INFO 1228 --- [https-jsse-nio-8443-exec-2] c.p.c.b.keymanagement.KeyStoreHelper     : Key successfully retrieved.
2025-07-31T17:49:27.057+02:00 DEBUG 1228 --- [https-jsse-nio-8443-exec-2] c.p.c.b.j.JwtManagementService           : Extracted issuedTo successfully.
2025-07-31T17:49:27.057+02:00 DEBUG 1228 --- [https-jsse-nio-8443-exec-2] c.p.c.b.j.JwtManagementService           : Extracting keyAlias from JWT
2025-07-31T17:49:27.057+02:00 DEBUG 1228 --- [https-jsse-nio-8443-exec-2] c.p.c.b.keymanagement.KeyStoreHelper     : Retrieving key (raw) for alias 'jwt-signing-key'
2025-07-31T17:49:27.057+02:00 DEBUG 1228 --- [https-jsse-nio-8443-exec-2] c.p.c.b.keymanagement.KeyStoreLoader     : Attempting to load keystore.
2025-07-31T17:49:27.065+02:00  INFO 1228 --- [https-jsse-nio-8443-exec-2] c.p.c.b.keymanagement.KeyStoreLoader     : Keystore successfully loaded.
2025-07-31T17:49:27.066+02:00 DEBUG 1228 --- [https-jsse-nio-8443-exec-2] c.p.c.b.keymanagement.KeyStoreLoader     : Successfully loaded keystore.
2025-07-31T17:49:27.066+02:00 DEBUG 1228 --- [https-jsse-nio-8443-exec-2] c.p.c.b.keymanagement.KeyStoreHelper     : Accessing KeyStore entry.
2025-07-31T17:49:27.094+02:00 DEBUG 1228 --- [https-jsse-nio-8443-exec-2] c.p.c.b.keymanagement.KeyStoreHelper     : KeyStore entry accessed successfully.
2025-07-31T17:49:27.094+02:00  INFO 1228 --- [https-jsse-nio-8443-exec-2] c.p.c.b.keymanagement.KeyStoreHelper     : Key successfully retrieved.
2025-07-31T17:49:27.096+02:00 DEBUG 1228 --- [https-jsse-nio-8443-exec-2] c.p.c.b.j.JwtManagementService           : Extracted keyAlias successfully.
2025-07-31T17:49:27.096+02:00 DEBUG 1228 --- [https-jsse-nio-8443-exec-2] c.p.c.b.keymanagement.ClientKeyRegistry  : Checking if key alias 'c5mifh7m2qtoiaxpffn5ia' exists: true
2025-07-31T17:49:27.096+02:00 DEBUG 1228 --- [https-jsse-nio-8443-exec-2] c.p.c.b.authorization.AuthRegistry       : Revoked access to keyAlias 'c5mifh7m2qtoiaxpffn5ia' for client 'client2'
2025-07-31T17:49:27.096+02:00 DEBUG 1228 --- [https-jsse-nio-8443-exec-2] c.p.cryptoservice.boundary.Controller    : Authorization successful for decrypt request by client 'client2'.
2025-07-31T17:49:27.096+02:00  INFO 1228 --- [https-jsse-nio-8443-exec-2] c.p.c.b.cryptography.DecryptService      : Starting decryption for client 'client2'.
2025-07-31T17:49:27.096+02:00 DEBUG 1228 --- [https-jsse-nio-8443-exec-2] c.p.c.b.j.JwtManagementService           : Extracting keyAlias from JWT
2025-07-31T17:49:27.096+02:00 DEBUG 1228 --- [https-jsse-nio-8443-exec-2] c.p.c.b.keymanagement.KeyStoreHelper     : Retrieving key (raw) for alias 'jwt-signing-key'
2025-07-31T17:49:27.097+02:00 DEBUG 1228 --- [https-jsse-nio-8443-exec-2] c.p.c.b.keymanagement.KeyStoreLoader     : Attempting to load keystore.
2025-07-31T17:49:27.108+02:00  INFO 1228 --- [https-jsse-nio-8443-exec-2] c.p.c.b.keymanagement.KeyStoreLoader     : Keystore successfully loaded.
2025-07-31T17:49:27.108+02:00 DEBUG 1228 --- [https-jsse-nio-8443-exec-2] c.p.c.b.keymanagement.KeyStoreLoader     : Successfully loaded keystore.
2025-07-31T17:49:27.108+02:00 DEBUG 1228 --- [https-jsse-nio-8443-exec-2] c.p.c.b.keymanagement.KeyStoreHelper     : Accessing KeyStore entry.
2025-07-31T17:49:27.139+02:00 DEBUG 1228 --- [https-jsse-nio-8443-exec-2] c.p.c.b.keymanagement.KeyStoreHelper     : KeyStore entry accessed successfully.
2025-07-31T17:49:27.139+02:00  INFO 1228 --- [https-jsse-nio-8443-exec-2] c.p.c.b.keymanagement.KeyStoreHelper     : Key successfully retrieved.
2025-07-31T17:49:27.141+02:00 DEBUG 1228 --- [https-jsse-nio-8443-exec-2] c.p.c.b.j.JwtManagementService           : Extracted keyAlias successfully.
2025-07-31T17:49:27.141+02:00 DEBUG 1228 --- [https-jsse-nio-8443-exec-2] c.p.c.b.keymanagement.KeyStoreHelper     : Retrieving and decrypting client key.
2025-07-31T17:49:27.141+02:00 DEBUG 1228 --- [https-jsse-nio-8443-exec-2] c.p.c.b.keymanagement.KeyStoreLoader     : Attempting to load keystore.
2025-07-31T17:49:27.149+02:00  INFO 1228 --- [https-jsse-nio-8443-exec-2] c.p.c.b.keymanagement.KeyStoreLoader     : Keystore successfully loaded.
2025-07-31T17:49:27.150+02:00 DEBUG 1228 --- [https-jsse-nio-8443-exec-2] c.p.c.b.keymanagement.KeyStoreLoader     : Successfully loaded keystore.
2025-07-31T17:49:27.150+02:00 DEBUG 1228 --- [https-jsse-nio-8443-exec-2] c.p.c.b.keymanagement.MasterKeyService   : Retrieving master key from KeyStore
2025-07-31T17:49:27.150+02:00 DEBUG 1228 --- [https-jsse-nio-8443-exec-2] c.p.c.b.keymanagement.KeyStoreLoader     : Attempting to load keystore.
2025-07-31T17:49:27.160+02:00  INFO 1228 --- [https-jsse-nio-8443-exec-2] c.p.c.b.keymanagement.KeyStoreLoader     : Keystore successfully loaded.
2025-07-31T17:49:27.160+02:00 DEBUG 1228 --- [https-jsse-nio-8443-exec-2] c.p.c.b.keymanagement.KeyStoreLoader     : Successfully loaded keystore.
2025-07-31T17:49:27.191+02:00  INFO 1228 --- [https-jsse-nio-8443-exec-2] c.p.c.b.keymanagement.MasterKeyService   : Master key successfully retrieved from KeyStore
2025-07-31T17:49:27.191+02:00 DEBUG 1228 --- [https-jsse-nio-8443-exec-2] c.p.c.b.keymanagement.KeyStoreHelper     : Accessing KeyStore entry.
2025-07-31T17:49:27.222+02:00 DEBUG 1228 --- [https-jsse-nio-8443-exec-2] c.p.c.b.keymanagement.KeyStoreHelper     : KeyStore entry accessed successfully.
2025-07-31T17:49:27.223+02:00 DEBUG 1228 --- [https-jsse-nio-8443-exec-2] c.p.c.b.k.ClientKeyEncryptor             : Decrypting client key with master key (AES unwrap)
2025-07-31T17:49:27.223+02:00  INFO 1228 --- [https-jsse-nio-8443-exec-2] c.p.c.b.k.ClientKeyEncryptor             : Client key successfully decrypted with master key
2025-07-31T17:49:27.223+02:00  INFO 1228 --- [https-jsse-nio-8443-exec-2] c.p.c.b.keymanagement.KeyStoreHelper     : Client key successfully retrieved and decrypted.
2025-07-31T17:49:27.223+02:00 DEBUG 1228 --- [https-jsse-nio-8443-exec-2] c.p.c.b.cryptography.CryptoUtility       : Cipher instance created with algorithm.
2025-07-31T17:49:27.223+02:00 DEBUG 1228 --- [https-jsse-nio-8443-exec-2] c.p.c.b.cryptography.CryptoUtility       : GCMParameterSpec created.
2025-07-31T17:49:27.223+02:00 DEBUG 1228 --- [https-jsse-nio-8443-exec-2] c.p.c.b.cryptography.CryptoUtility       : Cipher initialized for decryption mode.
2025-07-31T17:49:27.224+02:00 DEBUG 1228 --- [https-jsse-nio-8443-exec-2] c.p.c.b.cryptography.DecryptService      : Cipher text successfully decoded from Base64.
2025-07-31T17:49:27.224+02:00 DEBUG 1228 --- [https-jsse-nio-8443-exec-2] c.p.c.b.cryptography.DecryptService      : Cipher text successfully decrypted.
2025-07-31T17:49:27.224+02:00  INFO 1228 --- [https-jsse-nio-8443-exec-2] c.p.c.b.cryptography.DecryptService      : Decryption completed for client 'client2'.
2025-07-31T17:49:27.224+02:00  INFO 1228 --- [https-jsse-nio-8443-exec-2] c.p.cryptoservice.boundary.Controller    : Decryption successful for client 'client2'.

2025-07-31T18:49:05.467+02:00  INFO 1228 --- [scheduling-1] c.p.c.b.keymanagement.KeyCleanupTask     : Running scheduled key cleanup task
2025-07-31T18:49:05.470+02:00 DEBUG 1228 --- [scheduling-1] c.p.c.b.keymanagement.KeyCleanupTask     : Starting manual cleanup of expired keys
2025-07-31T18:49:05.472+02:00 DEBUG 1228 --- [scheduling-1] c.p.c.b.keymanagement.KeyStoreLoader     : Attempting to load keystore.
2025-07-31T18:49:05.489+02:00  INFO 1228 --- [scheduling-1] c.p.c.b.keymanagement.KeyStoreLoader     : Keystore successfully loaded.
2025-07-31T18:49:05.490+02:00 DEBUG 1228 --- [scheduling-1] c.p.c.b.keymanagement.KeyStoreLoader     : Successfully loaded keystore.
2025-07-31T18:49:05.491+02:00 DEBUG 1228 --- [scheduling-1] c.p.c.b.k.KeyExpirationChecker           : Checking expiration status for client key.
2025-07-31T18:49:05.524+02:00 DEBUG 1228 --- [scheduling-1] c.p.c.b.k.KeyExpirationChecker           : Checking expiration status for client key.
2025-07-31T18:49:05.554+02:00  INFO 1228 --- [scheduling-1] c.p.c.b.keymanagement.KeyCleanupTask     : Found 0 expired keys
2025-07-31T18:49:05.554+02:00 DEBUG 1228 --- [scheduling-1] c.p.c.b.keymanagement.KeyStoreLoader     : Attempting to save keystore.
2025-07-31T18:49:05.567+02:00  INFO 1228 --- [scheduling-1] c.p.c.b.keymanagement.KeyStoreLoader     : Keystore successfully saved to 'C:\Users\marce\Documents\SyncDataCloudSecure\Crypto-Microservice\cryptoservice\src\main\resources\keystore\client-keystore.p12'
2025-07-31T18:49:05.568+02:00 DEBUG 1228 --- [scheduling-1] c.p.c.b.keymanagement.KeyStoreLoader     : Successfully saved keystore.
2025-07-31T18:49:05.568+02:00  INFO 1228 --- [scheduling-1] c.p.c.b.keymanagement.KeyCleanupTask     : Key cleanup task completed successfully
